1,Leonerd,Freda,,,,
2,Willyt,Ellwand,,,,
3,Terrel,Jeduch,,,,
4,Felicdad,Josephi,,,,
5,Hogan,Jantzen,,,,
6,Lula,Stanesby,,,,
7,Umeko,Deluze,,,,
8,Aguistin,Jallin,,,,
9,Gwenore,Baughan,,,,
10,Shepard,Presslie,,,,
11,Geoff,Millyard,,,,
12,Rube,Daulton,,,,
13,Maddie,Petriello,,,,
14,Even,McPharlain,,,,
15,Florette,Sowood,,,,
16,Colan,Cowdrey,,,,
17,Rebeca,Polin,,,,
18,Rafaela,Garnall,,,,
19,Emilio,Stare,,,,
20,Lou,Fosh,,,,
21,Elsy,Levey,,,,
22,Shaylah,Cavan,,,,
23,Templeton,Hyndman,,,,
24,Wandis,Slaney,,,,
25,Daryn,O'Shields,,,,
26,Dev,Damrel,,,,
27,Laryssa,Beacham,,,,
28,Loren,Risebrow,,,,
29,Dionysus,Blackstone,,,,
30,Amelita,Crebbin,,,,
31,Bernice,Meijer,,,,
32,Aluino,Viner,,,,
33,Meredith,Di Claudio,,,,
34,Everett,Bowmen,,,,
35,Adria,Ostick,,,,
36,Yolanda,Foskett,,,,
37,Tildi,Shemelt,,,,
38,Monroe,Michieli,,,,
39,Nissy,McGennis,,,,
40,Max,Greenshields,,,,
41,Addison,Coxall,,,,
42,Helen-elizabeth,Haskey,,,,
43,Griswold,Hailey,,,,
44,Florrie,Rigg,,,,
45,Pamella,Ratt,,,,
46,Jordanna,Fishley,,,,
47,Warden,Michelle,,,,
48,Niccolo,Comino,,,,
49,Margie,Castana,,,,
50,Frank,Blanko,,,,
51,Ernst,Pauluzzi,,,,
52,Tris,Arden,,,,
53,Otes,Kerfoot,,,,
54,Kit,Pigdon,,,,
55,Hanny,Wimmer,,,,
56,Rosanna,Pinckstone,,,,
57,Brynne,Plowes,,,,
58,Terza,Faulkner,,,,
59,Grata,Adamo,,,,
60,Tiffanie,Kaspar,,,,
61,Aldridge,Bignold,,,,
62,Bartel,Itzkovici,,,,
63,Valencia,Stood,,,,
64,Orelie,Tarn,,,,
65,Rosalinda,De Carlo,,,,
66,Morton,Bedrosian,,,,
67,John,Westgate,,,,
68,Allianora,Joy,,,,
69,Serge,Pistol,,,,
70,Hastie,Fery,,,,
71,Hillary,Pottes,,,,
72,Joshia,Scimoni,,,,
73,Carola,Hinsch,,,,
74,Leah,Ottawell,,,,
75,Lorena,Bloggett,,,,
76,Antone,Dinan,,,,
77,Brittne,Bromehed,,,,
78,Frans,Uren,,,,
79,Wilie,Snoddin,,,,
80,Taylor,Cayley,,,,
81,Coleen,Calabry,,,,
82,Louie,Eckh,,,,
83,Jobye,Strangman,,,,
84,Leopold,Tomankiewicz,,,,
85,Binnie,Donan,,,,
86,Gilda,Puttock,,,,
87,Darci,Fernihough,,,,
88,Lilli,Aiskovitch,,,,
89,Gare,Fazan,,,,
90,Kylie,Caulfield,,,,
91,Gayelord,Seabon,,,,
92,Lena,Hilley,,,,
93,Dela,Keeltagh,,,,
94,Vassily,Gerg,,,,
95,Gwenette,Manz,,,,
96,Bronny,Tellenbach,,,,
97,Jaclin,Rodge,,,,
98,Angel,Edmondson,,,,
99,Kaitlynn,Cano,,,,
100,Kellby,MacGraith,,,,
101,Ferne,Smissen,,,,
102,Winni,Bakster,,,,
103,Elton,Garber,,,,
104,Kelcy,Duffus,,,,
105,Mella,Ebbetts,,,,
106,Dagmar,Gritskov,,,,
107,Erna,Blaby,,,,
108,Giselle,Spring,,,,
109,Ruperto,Orgen,,,,
110,Enriqueta,Gravells,,,,
111,Ian,Coldbreath,,,,
112,Whitby,Winchurst,,,,
113,Valeda,Knibbs,,,,
114,Zitella,Edmans,,,,
115,Blondelle,Stoppard,,,,
116,Charmaine,Riddington,,,,
117,Stormy,Kingsnoad,,,,
118,Leticia,Cheng,,,,
119,Georgianna,Cremins,,,,
120,Zsazsa,Donat,,,,
121,Claribel,Lamba,,,,
122,Cherianne,Caron,,,,
123,Chrysa,Vedishchev,,,,
124,Hollie,Oslar,,,,
125,Yardley,Coultass,,,,
126,Laureen,Brumble,,,,
127,Kristos,Speakman,,,,
128,Mirilla,Troman,,,,
129,Bent,Kemsley,,,,
130,Trevar,Osler,,,,
131,Marlo,Turn,,,,
132,Illa,Dono,,,,
133,Vladamir,Howells,,,,
134,Sella,McMonnies,,,,
135,Ruby,Scapelhorn,,,,
136,Gelya,Phillcock,,,,
137,Nahum,Beneyto,,,,
138,Roanna,Ector,,,,
139,Orsa,Connah,,,,
140,Andrea,Tressler,,,,
141,Kai,Meert,,,,
142,Mozelle,Mordacai,,,,
143,Brittan,Shears,,,,
144,Dani,Heinlein,,,,
145,Morton,Stabbins,,,,
146,Caitrin,Croisdall,,,,
147,Alyda,Mora,,,,
148,Zenia,Justham,,,,
149,Zaria,Fresson,,,,
150,Tricia,Lydster,,,,
151,Town,Rawnsley,,,,
152,Nessi,Pendered,,,,
153,Carolina,Monday,,,,
154,Lonny,Winser,,,,
155,Hermie,Rackam,,,,
156,Carny,Howlett,,,,
157,Frederic,De Domenici,,,,
158,Orlan,Lutty,,,,
159,Ewen,Fidal,,,,
160,Jamal,Troth,,,,
161,Webster,Turbard,,,,
162,Tommi,Newcome,,,,
163,Jodie,Joselevitz,,,,
164,Cherey,Rowley,,,,
165,Othilia,Michele,,,,
166,Davine,Walklate,,,,
167,Damiano,Bremmell,,,,
168,Derrik,Thies,,,,
169,Prue,Mundow,,,,
170,Eldredge,Pellew,,,,
171,Lotti,Cawthera,,,,
172,Rozalin,Dimnage,,,,
173,Saxon,Barkley,,,,
174,Vyky,Abela,,,,
175,Locke,McLeary,,,,
176,Blaine,Calvey,,,,
177,Tim,Aindriu,,,,
178,Fenelia,Cecere,,,,
179,Helli,Liversidge,,,,
180,Lucinda,Chambers,,,,
181,Iggie,Ricardou,,,,
182,Gearalt,McCurtain,,,,
183,Horatia,Martino,,,,
184,Sibyl,Mannooch,,,,
185,Glynnis,Feedham,,,,
186,Kassie,Weigh,,,,
187,Annice,Quigg,,,,
188,Philippe,Escala,,,,
189,Odey,Atling,,,,
190,Betty,Lucio,,,,
191,Tilly,Laverock,,,,
192,Powell,Lovitt,,,,
193,Ernesto,Jendricke,,,,
194,Courtnay,Cartmail,,,,
195,Roda,Rickasse,,,,
196,Royall,Wolver,,,,
197,Wood,Bartley,,,,
198,Erin,Zarb,,,,
199,Nigel,Sorton,,,,
200,Ashly,Woodcock,,,,
201,Samaria,Macy,,,,
202,Othella,Dabinett,,,,
203,Cynthia,Duignan,,,,
204,Corliss,Behnke,,,,
205,Isiahi,Remington,,,,
206,Gwennie,Aiston,,,,
207,Pepe,Beals,,,,
208,Bret,Brundale,,,,
209,Ailene,Bortoli,,,,
210,Adrian,La Grange,,,,
211,Cathryn,Kleingrub,,,,
212,Gertrude,Gaspard,,,,
213,Camellia,Banishevitz,,,,
214,Zak,Lerner,,,,
215,Albina,Matysiak,,,,
216,Flora,Chaffin,,,,
217,Waylan,Field,,,,
218,Jenna,Binding,,,,
219,Marius,Tull,,,,
220,Malena,Jiruch,,,,
221,Osborne,Aindrais,,,,
222,Dale,Rooms,,,,
223,Gawain,Van Son,,,,
224,Alexis,Haffenden,,,,
225,Juliet,Rimmer,,,,
226,Sutherlan,Lapslie,,,,
227,Alejandrina,Smallcombe,,,,
228,Coralie,Giacomuzzo,,,,
229,Harwilll,Abriani,,,,
230,Chane,Syrett,,,,
231,Filbert,Monget,,,,
232,Izaak,Danilov,,,,
233,Linn,Pontain,,,,
234,Kincaid,Kernar,,,,
235,Miner,Pedrocco,,,,
236,Ethel,Seacombe,,,,
237,Sissy,Garrish,,,,
238,Garner,Timewell,,,,
239,Marcelia,Clowley,,,,
240,Mercy,Reddihough,,,,
241,Cordula,Mattioni,,,,
242,Kippy,Stoyell,,,,
243,Alika,MacKeller,,,,
244,Rossie,Hamelyn,,,,
245,Andy,Riach,,,,
246,Chen,Moulster,,,,
247,Zoe,Christol,,,,
248,Randolf,Ivakin,,,,
249,Hanni,Lilliman,,,,
250,Hyacinth,Fieldstone,,,,
251,Wally,Cope,,,,
252,Ulrikaumeko,Drinkwater,,,,
253,Seamus,Polleye,,,,
254,Riley,Smeall,,,,
255,Juliane,Houchen,,,,
256,Jed,Godsell,,,,
257,Lauretta,Colloff,,,,
258,Annecorinne,Cud,,,,
259,Queenie,Sealand,,,,
260,Gwynne,Josse,,,,
261,Terrence,Marskell,,,,
262,Arthur,Besque,,,,
263,Cam,Ludgate,,,,
264,Fremont,Gaskall,,,,
265,Annabela,Jiroutka,,,,
266,Hagen,Lathom,,,,
267,Leisha,Winterbotham,,,,
268,Angie,Howsley,,,,
269,Anni,Cale,,,,
270,Pippa,Castanaga,,,,
271,Ruttger,Cawthera,,,,
272,Karel,Trench,,,,
273,Winston,Shave,,,,
274,Miriam,Swadden,,,,
275,Beatrice,Valente,,,,
276,Debera,Allward,,,,
277,Sherm,Masselin,,,,
278,Lewiss,Nye,,,,
279,Isac,Breinl,,,,
280,Daphene,Naul,,,,
281,Panchito,Houltham,,,,
282,Alanah,Sparry,,,,
283,Nataline,Genese,,,,
284,Palmer,Sills,,,,
285,Don,Turpey,,,,
286,Gabriel,Merrikin,,,,
287,Emmit,Ivashinnikov,,,,
288,Krystyna,Conrad,,,,
289,Rose,Rickeard,,,,
290,Winfred,Langworthy,,,,
291,Shandra,Messham,,,,
292,Nerita,Bilney,,,,
293,Kamilah,Inderwick,,,,
294,Myrle,Kordas,,,,
295,Sawyere,Linn,,,,
296,Penrod,Wortley,,,,
297,Timmy,Hannent,,,,
298,Melanie,Winckles,,,,
299,Jami,Pickersail,,,,
300,Garik,Millett,,,,
301,Clair,Mary,,,,
302,Dorri,Korneichuk,,,,
303,Kingsly,Ortells,,,,
304,Jere,Shore,,,,
305,Nettle,Blackader,,,,
306,Ethyl,Gosden,,,,
307,Sophia,Rylance,,,,
308,Arlyn,De Atta,,,,
309,Emmaline,Sottell,,,,
310,Babara,Dressel,,,,
311,Dewain,Orbine,,,,
312,Jarrett,Ingolotti,,,,
313,Brinna,Yuill,,,,
314,Tabor,Harmeston,,,,
315,Bondie,Woofinden,,,,
316,Andromache,Prowting,,,,
317,Guthry,Praten,,,,
318,Klarika,Lauks,,,,
319,Annabelle,Eim,,,,
320,Rivkah,Pickvance,,,,
321,Lolly,Cannam,,,,
322,Kanya,Falloon,,,,
323,Jacquenetta,Jirieck,,,,
324,Selby,Castellini,,,,
325,Skyler,Ennever,,,,
326,Aretha,Ohanessian,,,,
327,Walsh,Acosta,,,,
328,Minetta,D'Agostino,,,,
329,Ceil,Fulmen,,,,
330,Rollie,Kabsch,,,,
331,Alys,Whisson,,,,
332,Brendon,Prozillo,,,,
333,Gale,Chotty,,,,
334,Devon,Innocenti,,,,
335,Latisha,Galilee,,,,
336,Gus,Studdal,,,,
337,Yule,Laybourn,,,,
338,Vite,Posselt,,,,
339,Sawyer,Hengoed,,,,
340,Jacky,Ranscomb,,,,
341,Bambi,Weldrick,,,,
342,Isidor,Archard,,,,
343,Mick,Ivashov,,,,
344,Easter,Pettett,,,,
345,Bunnie,Van der Kruys,,,,
346,Sherwynd,Long,,,,
347,Miles,Kubacki,,,,
348,Hyacinthie,Kulas,,,,
349,Bartie,Gowing,,,,
350,Cassandry,Sleightholm,,,,
351,Laurette,Seakes,,,,
352,Laurie,Vonasek,,,,
353,Inesita,McCourtie,,,,
354,Herc,Enright,,,,
355,Reggie,Sogg,,,,
356,Cristina,Clymo,,,,
357,Henrie,Race,,,,
358,Adelind,Adhams,,,,
359,Simmonds,Bleythin,,,,
360,Bellina,Cosker,,,,
361,Sim,McLennan,,,,
362,Jilli,Chipp,,,,
363,Opaline,Merton,,,,
364,Feodor,Denisot,,,,
365,Constantin,Conneely,,,,
366,Joy,Seeman,,,,
367,Petronilla,Wrightam,,,,
368,Whitman,Alvin,,,,
369,Karleen,Fuchs,,,,
370,Lisha,Woodfine,,,,
371,Harriett,Meneyer,,,,
372,Roxy,Trott,,,,
373,Thurston,Liles,,,,
374,Mill,Kennaway,,,,
375,Jaimie,Digance,,,,
376,Konstantin,Layman,,,,
377,Lawry,Ashurst,,,,
378,Sonnie,Millan,,,,
379,Whitney,Rudman,,,,
380,Nap,Sperwell,,,,
381,Aloysia,Seyers,,,,
382,Alla,Ghelarducci,,,,
383,Artemas,Cliffe,,,,
384,Sven,Francis,,,,
385,Ashli,Ackred,,,,
386,Ber,Rogeon,,,,
387,Galvan,Houchen,,,,
388,Deirdre,Chilcotte,,,,
389,Jobye,Vedenyakin,,,,
390,Joey,Sill,,,,
391,Roman,Cruxton,,,,
392,Goraud,Shapcott,,,,
393,Sabina,Erley,,,,
394,Trey,Squibbes,,,,
395,Fleurette,Halbert,,,,
396,Aime,O'Hegertie,,,,
397,Pauline,Font,,,,
398,Nyssa,Lovelace,,,,
399,Colver,Shawcross,,,,
400,Eden,Blasius,,,,
401,Catherina,Scarrisbrick,,,,
402,Sioux,Lombard,,,,
403,Tobiah,Gurton,,,,
404,Larisa,Pretious,,,,
405,Amata,Murton,,,,
406,Gilbert,Maginot,,,,
407,Seamus,Kubiczek,,,,
408,Shanon,Scurrer,,,,
409,Arlie,Aberdein,,,,
410,Remus,Sambells,,,,
411,Stanton,Beardon,,,,
412,Leonie,Beldum,,,,
413,Salome,Bollands,,,,
414,Andeee,Rosberg,,,,
415,Elly,Amthor,,,,
416,Yancey,Powlesland,,,,
417,Rafferty,Biddles,,,,
418,Isaac,Blesli,,,,
419,Garek,Han,,,,
420,Prissie,Killeley,,,,
421,Lyndsay,Eard,,,,
422,Trula,Janc,,,,
423,Nesta,Magenny,,,,
424,Abigale,Euler,,,,
425,Adiana,Grindley,,,,
426,Ric,Boughtwood,,,,
427,Chucho,Measor,,,,
428,Maxy,McSharry,,,,
429,Erwin,O'Cosgra,,,,
430,Bertrando,Kleinsinger,,,,
431,Giralda,Bentick,,,,
432,Elbertina,Paige,,,,
433,Floria,Smallcomb,,,,
434,Lindy,Cantero,,,,
435,Linc,Payle,,,,
436,Sharl,Sawden,,,,
437,Britta,Middis,,,,
438,Lenka,Leverton,,,,
439,Fredia,Ropking,,,,
440,Devland,Skelhorne,,,,
441,Manon,Ratley,,,,
442,Leelah,Colbeck,,,,
443,Sheridan,Padley,,,,
444,Rosalind,Dunlop,,,,
445,Jannel,Petken,,,,
446,Merrielle,Riddell,,,,
447,Vitoria,Langan,,,,
448,Keane,Dengate,,,,
449,Alyda,Burman,,,,
450,Wells,Phillip,,,,
451,Simonne,McGorman,,,,
452,Adorne,Matteris,,,,
453,Thoma,Maureen,,,,
454,Daffy,Monget,,,,
455,Aleece,Bartlett,,,,
456,Deanne,Fullalove,,,,
457,Bran,Webbe,,,,
458,Otto,Downe,,,,
459,Marlin,Cassey,,,,
460,Phylys,Skidmore,,,,
461,Carena,Rraundl,,,,
462,Ezmeralda,Collett,,,,
463,Sal,Normanell,,,,
464,Celina,Pinsent,,,,
465,Buck,Bolzmann,,,,
466,Devlen,Hindge,,,,
467,Aluin,McReedy,,,,
468,Boycie,Linde,,,,
469,Caralie,Gepp,,,,
470,Cory,Hultberg,,,,
471,Antonius,Ollivierre,,,,
472,Sayers,Mielnik,,,,
473,Fred,Bootton,,,,
474,Reider,McKinley,,,,
475,Helyn,Wensley,,,,
476,Charisse,Umfrey,,,,
477,Rici,Tarplee,,,,
478,Brooks,Oliva,,,,
479,Heriberto,Pallin,,,,
480,Robenia,Blanshard,,,,
481,Lari,Loalday,,,,
482,Estrella,Gainfort,,,,
483,Jennie,Ringwood,,,,
484,Cale,Laroux,,,,
485,Pattin,Brislane,,,,
486,Ellie,Shipway,,,,
487,Nev,Buckell,,,,
488,Tonya,Curtois,,,,
489,Raye,Francescoccio,,,,
490,Calida,Heigho,,,,
491,Winfred,Polfer,,,,
492,Alfonso,Scrimshaw,,,,
493,George,Radolf,,,,
494,Neddy,Withey,,,,
495,Brennan,Bysh,,,,
496,Stace,McGurk,,,,
497,Brendin,Bartolozzi,,,,
498,Delbert,Graine,,,,
499,Bili,Maccraw,,,,
500,Andrus,Casseldine,,,,
501,Glen,Tuther,,,,
502,Wyndham,Fassbender,,,,
503,Darya,Heart,,,,
504,Aguistin,Harragin,,,,
505,Starr,Rennenbach,,,,
506,Angie,Harwood,,,,
507,Pinchas,Hollow,,,,
508,Bertine,Huws,,,,
509,Aurel,Sandbrook,,,,
510,Avictor,Haldin,,,,
511,Jojo,Smittoune,,,,
512,Silvanus,Matthews,,,,
513,Ina,Stansfield,,,,
514,Dorothee,Gerty,,,,
515,Nerty,Arrington,,,,
516,Zaccaria,Le Sarr,,,,
517,Dalila,Duckhouse,,,,
518,Arlena,Dakin,,,,
519,Arty,Barkshire,,,,
520,Marybeth,Moncrieffe,,,,
521,Cortney,Posse,,,,
522,Aldus,Labbez,,,,
523,Teodor,Fey,,,,
524,Vergil,Neumann,,,,
525,Tammie,Iacovozzo,,,,
526,Aube,Balharry,,,,
527,Cordey,McAlindon,,,,
528,Joann,Spinas,,,,
529,Timi,Itzig,,,,
530,Nichole,Ewington,,,,
531,Allyn,Lanchester,,,,
532,Shannah,Abdy,,,,
533,Waite,Brauner,,,,
534,Trula,Bussens,,,,
535,Eugene,Dennant,,,,
536,Gill,Thurlow,,,,
537,Arney,Bau,,,,
538,Nil,Fenning,,,,
539,Savina,Parrot,,,,
540,Jeralee,Steward,,,,
541,Brnaby,McKibbin,,,,
542,Silvio,Balazs,,,,
543,Zeb,Meere,,,,
544,Jolynn,Dunniom,,,,
545,Rogers,Friar,,,,
546,Matty,Tourne,,,,
547,Agustin,Robus,,,,
548,Sherlocke,BURWIN,,,,
549,Ozzy,Liptrod,,,,
550,Gibby,Whitley,,,,
551,Ian,Searight,,,,
552,Marietta,Cutts,,,,
553,Ferdie,Glede,,,,
554,Jasen,Linnell,,,,
555,Jean,Bartolozzi,,,,
556,Tore,Perrington,,,,
557,Nedi,Riepl,,,,
558,Crystal,Towll,,,,
559,Darsie,Fisbey,,,,
560,Maurise,O'Drought,,,,
561,Nicole,Toop,,,,
562,Markus,Scutchings,,,,
563,Jeramie,Wornham,,,,
564,Culley,Mattheissen,,,,
565,Mab,Parlott,,,,
566,Winn,Buncher,,,,
567,Nappie,Antonellini,,,,
568,Pietro,Sylett,,,,
569,Arlyn,Fullard,,,,
570,Palmer,Zellner,,,,
571,Miner,Orgee,,,,
572,Cori,Kilmurry,,,,
573,Danita,Labbati,,,,
574,Taffy,Reynalds,,,,
575,Leontine,Strutley,,,,
576,Dag,Crusham,,,,
577,Carson,Sarah,,,,
578,Dom,Sandars,,,,
579,Orsa,Riccetti,,,,
580,Pauline,Mulvihill,,,,
581,Wallache,Gunson,,,,
582,Clarey,Illes,,,,
583,Silas,Ahmed,,,,
584,Bess,Reggio,,,,
585,Lavina,Battany,,,,
586,Pepillo,Stooders,,,,
587,Xylia,Beekmann,,,,
588,Alistair,McLugish,,,,
589,Eadith,Dooly,,,,
590,Haslett,Follows,,,,
591,Ingemar,Firminger,,,,
592,Jerrilyn,Duxbarry,,,,
593,Ebeneser,Jeckell,,,,
594,Gwyn,Rickhuss,,,,
595,Lexy,OIlier,,,,
596,Emeline,Sturney,,,,
597,Giorgi,Blaver,,,,
598,Eddy,Dolman,,,,
599,Aubry,Munns,,,,
600,Peyton,Seaborn,,,,
601,Dolorita,Lamberteschi,,,,
602,Lauraine,Gotecliffe,,,,
603,Worthy,Van Rembrandt,,,,
604,Bridie,Nairns,,,,
605,Glynda,Labrom,,,,
606,Dulce,Verillo,,,,
607,Mary,Turney,,,,
608,Uri,Sokill,,,,
609,Lorinda,Haxell,,,,
610,Savina,Shalcras,,,,
611,Noemi,Deegan,,,,
612,Cherice,Pavkovic,,,,
613,Othilia,Stronge,,,,
614,Mallorie,O'Riordan,,,,
615,Ellwood,Gooder,,,,
616,Kristien,Reck,,,,
617,Goober,Crayke,,,,
618,Thelma,Selwin,,,,
619,Seward,Willimont,,,,
620,Cammie,Pearle,,,,
621,Theo,Scally,,,,
622,Chickie,Rhucroft,,,,
623,Gay,Scoggans,,,,
624,Laurie,Theuff,,,,
625,Ambur,Rewan,,,,
626,Hilario,Shinton,,,,
627,Kyle,Chenery,,,,
628,Weidar,Dumphry,,,,
629,Penelope,Shugg,,,,
630,Heloise,Breakwell,,,,
631,Emmerich,Gayforth,,,,
632,Jacques,Waterman,,,,
633,Ulric,Boumphrey,,,,
634,Corly,Mould,,,,
635,Falito,Mallabon,,,,
636,Fancy,Marklew,,,,
637,Rainer,Giamelli,,,,
638,Avis,Kubala,,,,
639,Vachel,Roxby,,,,
640,Shirlene,Scowcroft,,,,
641,Magdaia,Stener,,,,
642,Daryle,Jon,,,,
643,Osbourne,Eskrigge,,,,
644,Kathleen,Ropartz,,,,
645,Rici,Casham,,,,
646,Jillie,Craighall,,,,
647,Alec,Pendle,,,,
648,Khalil,Leeburne,,,,
649,Cosme,Simmig,,,,
650,Janaya,Lippi,,,,
651,Rasia,Portt,,,,
652,Elfrida,Dowers,,,,
653,Shantee,Berrey,,,,
654,Svend,Parrin,,,,
655,Salomone,Jachimczak,,,,
656,Janina,Free,,,,
657,Parker,Boleyn,,,,
658,Caesar,Cunnell,,,,
659,Werner,Tapenden,,,,
660,Kaylee,Placidi,,,,
661,Keane,Ivanaev,,,,
662,Eadith,Leber,,,,
663,Worden,Logesdale,,,,
664,Margaretha,Byfford,,,,
665,Jacenta,Baert,,,,
666,Rasla,Ruston,,,,
667,Dru,Gidney,,,,
668,Reube,Bracer,,,,
669,Brandais,Maben,,,,
670,Rosmunda,Jeffcock,,,,
671,Farah,Bortolozzi,,,,
672,Miquela,Arendt,,,,
673,Garth,Pashe,,,,
674,Xena,Klass,,,,
675,Karlen,Bartocci,,,,
676,Leonore,Harmson,,,,
677,Selestina,Rigmand,,,,
678,Tremayne,Fullwood,,,,
679,Janna,Meir,,,,
680,Kesley,Gislebert,,,,
681,Bambie,Kenforth,,,,
682,Tessa,Vyel,,,,
683,Ingeberg,Vanderson,,,,
684,Maryanne,Wimmers,,,,
685,Byrom,Gringley,,,,
686,Marijo,Mengo,,,,
687,Meade,Jacobssen,,,,
688,Megen,Laskey,,,,
689,Clay,Ludmann,,,,
690,Yetta,Goodbairn,,,,
691,Caro,Hinks,,,,
692,Amabel,Canadas,,,,
693,Lionello,Peiser,,,,
694,Rochette,Neggrini,,,,
695,Belicia,Orpen,,,,
696,Sylvia,Giovannacc@i,,,,
697,Kori,Stewart,,,,
698,Jen,Baudacci,,,,
699,Nicol,Scurry,,,,
700,Mufi,Kegg,,,,
701,Dniren,Lerwell,,,,
702,Aileen,Vernham,,,,
703,Ellynn,Danaher,,,,
704,Fifi,Wear,,,,
705,Chic,Crinkley,,,,
706,Carole,Davis,,,,
707,Giorgi,Levett,,,,
708,Ellen,Abyss,,,,
709,Valene,Wedlock,,,,
710,Kelila,Wastie,,,,
711,Nicola,MacCook,,,,
712,Kizzie,Botfield,,,,
713,Lishe,Dransfield,,,,
714,Pedro,Aries,,,,
715,Mellisent,Eburne,,,,
716,Carmela,Keogh,,,,
717,Kerby,Scrigmour,,,,
718,Kelvin,Grist,,,,
719,Dodi,Wallace,,,,
720,Deane,Mutlow,,,,
721,Hilde,Cottee,,,,
722,Rhonda,Pirdue,,,,
723,Gusti,Geck,,,,
724,Bennie,Dickinson,,,,
725,Keri,Stallion,,,,
726,Alissa,Tabbernor,,,,
727,Myrtice,Picton,,,,
728,Terence,Yanshonok,,,,
729,Essie,Edel,,,,
730,Kellen,Starte,,,,
731,Willi,Danilovich,,,,
732,Buffy,Hazart,,,,
733,Licha,Sneezum,,,,
734,Clementine,Huson,,,,
735,Dore,Effaunt,,,,
736,Ruby,Tilley,,,,
737,Maggie,Bendin,,,,
738,Ludovico,Cowgill,,,,
739,Antonie,Markl,,,,
740,Prudy,Cowern,,,,
741,Keeley,Shrubshall,,,,
742,Axel,Alp,,,,
743,Celene,Hue,,,,
744,Heidi,Bringloe,,,,
745,Teddie,Benedikt,,,,
746,Osbourne,Doumic,,,,
747,Lek,Lattka,,,,
748,Charline,Capnor,,,,
749,Ollie,Lillee,,,,
750,Leanna,Gateland,,,,
751,Corty,Antonetti,,,,
752,Bernete,Kunneke,,,,
753,Heall,Bellany,,,,
754,Tonya,Tottie,,,,
755,Jacquelin,Westphal,,,,
756,Lorry,Fleis,,,,
757,Eduardo,Lethbrig,,,,
758,Charlotta,Cuncliffe,,,,
759,Stirling,Loy,,,,
760,Sisile,O'Boyle,,,,
761,Noland,Benford,,,,
762,Lana,Sailor,,,,
763,Mathilda,Doram,,,,
764,Ibbie,Kincaid,,,,
765,Horten,Cosgrave,,,,
766,Saunder,Millhouse,,,,
767,Jefferson,Blay,,,,
768,Gerald,Habbin,,,,
769,Raphael,Tew,,,,
770,Sandy,Jeanet,,,,
771,Kriste,Dorrington,,,,
772,Kaila,Blumsom,,,,
773,Millard,Tuny,,,,
774,Gerianne,Urrey,,,,
775,Ileane,Di Carli,,,,
776,Roxy,Almon,,,,
777,Diarmid,Drust,,,,
778,Miltie,Feacham,,,,
779,Mal,Colls,,,,
780,Thedric,Oag,,,,
781,Dallon,Fagg,,,,
782,Roselin,Finlason,,,,
783,Lee,Tirkin,,,,
784,Maridel,Scantleberry,,,,
785,Homer,Leatt,,,,
786,Marchelle,Huckstepp,,,,
787,Margaretha,Gregore,,,,
788,Morey,Borsi,,,,
789,Cletis,Szymonwicz,,,,
790,Dew,Dohms,,,,
791,Balduin,Betham,,,,
792,Kalil,Sambell,,,,
793,Finn,Belli,,,,
794,Roberta,Vassbender,,,,
795,Clara,Loreit,,,,
796,Erminia,Blood,,,,
797,Early,Gringley,,,,
798,Sapphira,McGhie,,,,
799,Frederick,Portress,,,,
800,Abbye,Attreed,,,,
801,Ettore,Habergham,,,,
802,Jobey,Emmott,,,,
803,Marjy,McEttigen,,,,
804,Maryanne,Hulmes,,,,
805,Loria,Darco,,,,
806,Shane,Caser,,,,
807,Melody,Bedminster,,,,
808,Aguistin,Gibb,,,,
809,Blakeley,Checo,,,,
810,Bren,Seamark,,,,
811,Theadora,Gaytor,,,,
812,Shanna,Heffy,,,,
813,Lenore,Elgee,,,,
814,Dinny,Chismon,,,,
815,Anderea,Newland,,,,
816,Johannah,Yushankin,,,,
817,Rubie,Ironside,,,,
818,Shelagh,Brickwood,,,,
819,Darb,Plaskitt,,,,
820,Phillip,Lane,,,,
821,Guenevere,Ralph,,,,
822,Bibi,Summersby,,,,
823,Lovell,Farguhar,,,,
824,Jeremias,Markie,,,,
825,Mollee,D'eath,,,,
826,Dael,Kordas,,,,
827,Boone,Byrcher,,,,
828,Hallie,Bridgewater,,,,
829,Jedediah,Laweles,,,,
830,Gerrie,Attard,,,,
831,Kris,St Leger,,,,
832,Flory,Vinas,,,,
833,Ermina,Tapton,,,,
834,Cece,Cawthry,,,,
835,Adina,Scotsbrook,,,,
836,Ezri,Jaffray,,,,
837,Natala,Redan,,,,
838,Garek,Noye,,,,
839,Tarrah,Dougal,,,,
840,Leesa,Clewlowe,,,,
841,Jennee,Sillis,,,,
842,Dionysus,Meegin,,,,
843,Penelope,Gargett,,,,
844,Bobbie,Berrigan,,,,
845,Israel,Thomson,,,,
846,Eleanora,Ullett,,,,
847,Benito,Pavel,,,,
848,Adler,Tatford,,,,
849,Winnah,Gaule,,,,
850,Astrid,Hazelgreave,,,,
851,Ogden,MacGillivrie,,,,
852,Gualterio,Elion,,,,
853,Boonie,Gye,,,,
854,Estevan,Arrundale,,,,
855,Jarret,Madill,,,,
856,Mira,Syers,,,,
857,Hervey,Milmo,,,,
858,Herta,Yude,,,,
859,Fransisco,Peron,,,,
860,Mano,Bonnaire,,,,
861,Dagny,Williment,,,,
862,Alonzo,Soldan,,,,
863,Rog,Hame,,,,
864,Donal,Darwood,,,,
865,Griz,Androletti,,,,
866,Petey,Huckell,,,,
867,Regan,McGuiness,,,,
868,Lorri,Gunny,,,,
869,Midge,Vannikov,,,,
870,Evie,Attrie,,,,
871,Helaina,Toms,,,,
872,Theadora,Zini,,,,
873,Tiffany,Careless,,,,
874,Kristin,Rosenblath,,,,
875,Hobard,Rennenbach,,,,
876,Doreen,Scatchard,,,,
877,Lesley,Kenson,,,,
878,Nealson,Pollok,,,,
879,Sansone,Hendrich,,,,
880,Sherm,Hastin,,,,
881,Jermaine,Ogger,,,,
882,Hobey,Ballach,,,,
883,Adelaide,Joire,,,,
884,Aviva,Moxstead,,,,
885,Judye,Zapatero,,,,
886,Sallyann,Ubanks,,,,
887,Dorena,Le Claire,,,,
888,Margareta,McAnalley,,,,
889,Codi,Bellworthy,,,,
890,Ad,Barttrum,,,,
891,Lian,Wittke,,,,
892,Padriac,Berens,,,,
893,Wit,Chopping,,,,
894,Josias,McKnish,,,,
895,Ian,Blune,,,,
896,Juliane,Noke,,,,
897,Gizela,Stribbling,,,,
898,Evelina,Klimschak,,,,
899,Monty,Berrisford,,,,
900,Hansiain,Goscar,,,,
901,Gilda,Gribble,,,,
902,Guillaume,Fasse,,,,
903,Chadwick,Dalligan,,,,
904,Igor,Danford,,,,
905,Fanni,Godbert,,,,
906,Xaviera,Heap,,,,
907,Warner,De Castri,,,,
908,Ronalda,Dericot,,,,
909,Bren,MacDermid,,,,
910,Trev,Tabary,,,,
911,Nettle,Robinson,,,,
912,Adora,McGillreich,,,,
913,Micaela,Charnick,,,,
914,Bronson,Venditto,,,,
915,Gracia,Jowers,,,,
916,Marya,Backen,,,,
917,Rosamond,Llewellyn,,,,
918,Trixy,Brunton,,,,
919,Almeda,Jones,,,,
920,Aurthur,Huws,,,,
921,Adelle,O'Carney,,,,
922,Herbert,Pawelek,,,,
923,Tommie,Menilove,,,,
924,Pamella,Swanne,,,,
925,Jenny,Rundall,,,,
926,Ewell,Jessen,,,,
927,Yolande,Zwicker,,,,
928,Thaxter,Domenici,,,,
929,Jeanine,Mowsdell,,,,
930,Oliver,Grosvenor,,,,
931,Smitty,Matusevich,,,,
932,Benjamen,Jurges,,,,
933,Nikaniki,Rastrick,,,,
934,Rea,Williscroft,,,,
935,Esmaria,Irnis,,,,
936,Tuesday,Basnall,,,,
937,Aristotle,Bellefant,,,,
938,Fifi,Porteous,,,,
939,Marin,Muir,,,,
940,Odilia,Raspin,,,,
941,Leisha,McClelland,,,,
942,Paddie,Pordal,,,,
943,Irv,Prazor,,,,
944,Kim,Hechlin,,,,
945,Frank,Kirkup,,,,
946,Amie,Rusk,,,,
947,Nathaniel,Gomersal,,,,
948,Rutledge,Munn,,,,
949,Chanda,Poe,,,,
950,Guglielma,Rose,,,,
951,Beverie,Craik,,,,
952,Salomone,Ghilardi,,,,
953,Mead,Tully,,,,
954,Von,Pessolt,,,,
955,Penelopa,Frotton,,,,
956,Kareem,Fanning,,,,
957,Alexi,Hanner,,,,
958,Sutton,Davidsen,,,,
959,Conchita,Akerman,,,,
960,Sutherlan,Tarbath,,,,
961,Tamarra,Canas,,,,
962,Heath,Valler,,,,
963,Rowland,Manlow,,,,
964,Alis,Ainger,,,,
965,Jorgan,Alben,,,,
966,Claudie,Feben,,,,
967,Sydelle,Ogan,,,,
968,Laurie,Hammond,,,,
969,Gusta,Klarzynski,,,,
970,Kirsten,Bultitude,,,,
971,Moll,Vinall,,,,
972,Werner,Cumming,,,,
973,Trumann,Privost,,,,
974,Charlene,Pithie,,,,
975,Corly,Linscott,,,,
976,Reiko,Groucock,,,,
977,Rossy,Espie,,,,
978,Kit,Janeczek,,,,
979,Ashleigh,Parlet,,,,
980,Loralie,Philipsohn,,,,
981,Zsazsa,Lomasny,,,,
982,Addie,Mayberry,,,,
983,Sargent,Dunne,,,,
984,Nicolea,Scipsey,,,,
985,Ugo,Hullins,,,,
986,Doretta,Scanderet,,,,
987,Marion,FitzGeorge,,,,
988,Leigha,Carratt,,,,
989,Leoline,Thorneloe,,,,
990,Sissie,Lorait,,,,
991,Dayna,Beevors,,,,
992,Bryn,Noye,,,,
993,Ruby,Gilroy,,,,
994,Sibyl,Beggi,,,,
995,Judye,Caroli,,,,
996,Tiffani,Burren,,,,
997,Lurlene,Ducastel,,,,
998,Lutero,Cartmel,,,,
999,Tersina,Loins,,,,
1000,Jania,Josselson,,,,
