1,70,2022-06-06 00:00:00,<Basil - Seedlings Cookstown>
2,25,2012-09-28 00:00:00,<Ginger - Crystalized>
3,557,2016-06-30 00:00:00,<Ice - Clear  300 Lb For Carving>
4,996,2011-08-20 00:00:00,<Mints - Striped Red>
5,788,2018-04-06 00:00:00,<Pop - Club Soda Can>
6,334,2002-01-13 00:00:00,<Wine - Placido Pinot Grigo>
7,684,2014-06-23 00:00:00,<Sole - Iqf>
8,574,2005-09-10 00:00:00,<Tomato - Peeled Italian Canned>
9,995,2007-04-11 00:00:00,<Peas - Pigeon  Dry>
10,652,2003-09-24 00:00:00,<Lentils - Green Le Puy>
11,291,2000-02-03 00:00:00,<Gatorade - Fruit Punch>
12,86,2008-02-02 00:00:00,<Grapefruit - White>
13,114,2024-02-23 00:00:00,<Cookies - Fortune>
14,27,2009-09-25 00:00:00,<Oil - Coconut>
15,501,2022-06-07 00:00:00,<Ham - Black Forest>
16,880,2001-02-19 00:00:00,<Sage - Rubbed>
17,222,2006-02-06 00:00:00,<Ham - Procutinni>
18,439,2012-12-04 00:00:00,<Island Oasis - Wildberry>
19,766,2008-02-14 00:00:00,<Longos - Penne With Pesto>
20,304,2005-08-13 00:00:00,<Pepper - Cayenne>
21,431,2014-02-24 00:00:00,<Cookie Double Choco>
22,71,2018-08-22 00:00:00,<Cinnamon Buns Sticky>
23,37,2011-11-12 00:00:00,<Bread - Italian Corn Meal Poly>
24,1000,2014-05-21 00:00:00,<Chicken - White Meat With Tender>
25,132,2023-05-16 00:00:00,<Bread - Sticks  Thin  Plain>
26,945,2012-02-18 00:00:00,<Barramundi>
27,371,2016-05-25 00:00:00,<Beef - Cooked  Corned>
28,52,2001-10-18 00:00:00,<Muffin Batt - Choc Chk>
29,80,2020-06-20 00:00:00,<Ginger - Crystalized>
30,503,2022-04-18 00:00:00,<Chocolate Bar - Oh Henry>
31,789,2011-08-24 00:00:00,<Bamboo Shoots - Sliced>
32,514,2021-09-23 00:00:00,<Fondant - Icing>
33,443,2016-06-26 00:00:00,<Veal - Kidney>
34,278,2019-03-02 00:00:00,<Muffin - Bran Ind Wrpd>
35,803,2007-02-11 00:00:00,<Wine - Casillero Deldiablo>
36,797,2019-05-19 00:00:00,<Cheese - Cheddar With Claret>
37,200,2021-08-02 00:00:00,<Beer - Upper Canada Lager>
38,76,2000-04-07 00:00:00,<Island Oasis - Sweet And Sour Mix>
39,54,2006-08-22 00:00:00,<Tea Peppermint>
40,276,2007-12-18 00:00:00,<Wine - Pinot Noir Mondavi Coastal>
41,3,2015-12-19 00:00:00,<Ecolab - Mikroklene 4/4 L>
42,800,2022-08-27 00:00:00,<Pie Filling - Pumpkin>
43,905,2015-04-30 00:00:00,<Milk - Chocolate 500ml>
44,960,2013-03-24 00:00:00,<Oxtail - Cut>
45,740,2012-06-25 00:00:00,<Nut - Almond  Blanched  Ground>
46,16,2023-12-18 00:00:00,<Juice - Apple  341 Ml>
47,891,2017-11-24 00:00:00,<Wine - Magnotta - Pinot Gris Sr>
48,443,2002-07-03 00:00:00,<Seedlings - Clamshell>
49,733,2015-05-21 00:00:00,<Wine - Taylors Reserve>
50,817,2019-10-01 00:00:00,<Shrimp - Black Tiger 6 - 8>
51,212,2005-10-25 00:00:00,<Energy Drink - Franks Original>
52,239,2022-10-02 00:00:00,<Oxtail - Cut>
53,474,2010-03-20 00:00:00,<Wine - Chateauneuf Du Pape>
54,792,2011-04-07 00:00:00,<Spice - Paprika>
55,676,2015-02-19 00:00:00,<Tomatoes Tear Drop Yellow>
56,668,2015-10-07 00:00:00,<Pineapple - Regular>
57,89,2007-11-23 00:00:00,<Foil Wrap>
58,102,2000-11-09 00:00:00,<Island Oasis - Lemonade>
59,237,2004-08-12 00:00:00,<Baking Powder>
60,805,2022-06-29 00:00:00,<Grapes - Black>
61,901,2006-09-25 00:00:00,<Alize Red Passion>
62,663,2017-04-05 00:00:00,<Truffle Paste>
63,876,2009-08-22 00:00:00,<Beans - French>
64,159,2011-10-23 00:00:00,<Hummus - Spread>
65,740,2012-03-30 00:00:00,<Squid Ink>
66,383,2004-03-04 00:00:00,<Monkfish Fresh - Skin Off>
67,327,2010-02-25 00:00:00,<Molasses - Fancy>
68,979,2015-09-12 00:00:00,<Soup - Chicken And Wild Rice>
69,649,2005-11-06 00:00:00,<Tamarillo>
70,657,2009-02-28 00:00:00,<Cream - 35%>
71,275,2009-12-08 00:00:00,<Appetizer - Tarragon Chicken>
72,355,2023-04-09 00:00:00,<Wine - Red  Cabernet Sauvignon>
73,5,2018-03-12 00:00:00,<Wine - Vidal Icewine Magnotta>
74,103,2016-12-15 00:00:00,<Olives - Morracan Dired>
75,800,2018-07-09 00:00:00,<Pasta - Lasagne  Fresh>
76,906,2014-01-06 00:00:00,<Island Oasis - Lemonade>
77,530,2004-08-03 00:00:00,<Pastry - Cheese Baked Scones>
78,965,2018-06-13 00:00:00,<Island Oasis - Mango Daiquiri>
79,619,2000-10-14 00:00:00,<Cleaner - Pine Sol>
80,65,2005-12-12 00:00:00,<Fond - Neutral>
81,29,2020-05-23 00:00:00,<Seedlings - Clamshell>
82,326,2006-06-06 00:00:00,<Bag Clear 10 Lb>
83,404,2022-11-18 00:00:00,<Daikon Radish>
84,12,2003-10-12 00:00:00,<Lemons>
85,39,2013-11-09 00:00:00,<Mustard - Dry  Powder>
86,150,2011-11-03 00:00:00,<Thyme - Dried>
87,980,2010-11-14 00:00:00,<Cocoa Feuilletine>
88,756,2017-09-11 00:00:00,<Crab - Blue  Frozen>
89,577,2011-02-24 00:00:00,<Mussels - Cultivated>
90,884,2009-01-26 00:00:00,<Puree - Kiwi>
91,964,2011-03-18 00:00:00,<Chocolate - Dark Callets>
92,297,2012-05-22 00:00:00,<Lamb - Shoulder>
93,806,2022-05-26 00:00:00,<Energy Drink Red Bull>
94,460,2020-03-10 00:00:00,<Soupcontfoam16oz 116con>
95,782,2006-12-22 00:00:00,<Lamb - Whole Head Off>
96,994,2020-10-12 00:00:00,<Lettuce - Boston Bib>
97,476,2001-12-12 00:00:00,<Beef - Tongue  Fresh>
98,945,2000-09-08 00:00:00,<Cocoa Butter>
99,953,2010-03-18 00:00:00,<Potatoes - Peeled>
100,597,2002-03-18 00:00:00,<Wine - Vovray Sec Domaine Huet>
101,207,2023-09-05 00:00:00,<Table Cloth 54x72 Colour>
102,993,2012-11-29 00:00:00,<Salmon - Smoked  Sliced>
103,605,2020-01-12 00:00:00,<Oranges>
104,199,2011-09-01 00:00:00,<Pork Casing>
105,253,2007-12-06 00:00:00,<Truffle Cups - White Paper>
106,329,2019-01-01 00:00:00,<Chips - Doritos>
107,272,2022-04-07 00:00:00,<Chocolate - Dark Callets>
108,817,2019-12-05 00:00:00,<Buffalo - Short Rib Fresh>
109,605,2003-05-04 00:00:00,<Carbonated Water - White Grape>
110,687,2009-08-21 00:00:00,<Nori Sea Weed - Gold Label>
111,297,2012-09-22 00:00:00,<Tea - Lemon Green Tea>
112,781,2015-10-01 00:00:00,<Tumeric>
113,731,2004-12-21 00:00:00,<Lemonade - Pineapple Passion>
114,716,2003-07-08 00:00:00,<Butter Balls Salted>
115,294,2020-04-15 00:00:00,<Tilapia - Fillets>
116,867,2004-05-01 00:00:00,<Cheese - St. Andre>
117,853,2012-10-13 00:00:00,<Wine - Crozes Hermitage E.>
118,149,2005-12-18 00:00:00,<Lemonade - Mandarin  591 Ml>
119,934,2014-12-08 00:00:00,<Cocktail Napkin Blue>
120,634,2022-02-09 00:00:00,<Mudslide>
121,546,2003-10-06 00:00:00,<Ecolab - Mikroklene 4/4 L>
122,424,2019-02-17 00:00:00,<Wine - Rubyport>
123,184,2000-05-02 00:00:00,<Foam Dinner Plate>
124,280,2017-04-13 00:00:00,<Juice - Apple 284ml>
125,217,2012-04-15 00:00:00,<Taro Root>
126,310,2001-04-07 00:00:00,<Relish>
127,913,2021-06-30 00:00:00,<Pepper - Julienne  Frozen>
128,660,2019-04-05 00:00:00,<Figs>
129,31,2008-03-27 00:00:00,<Rice - Jasmine Sented>
130,610,2007-09-13 00:00:00,<Spinach - Spinach Leaf>
131,582,2015-03-18 00:00:00,<Apricots Fresh>
132,495,2010-12-31 00:00:00,<Plaintain>
133,622,2005-02-24 00:00:00,<Scallop - St. Jaques>
134,862,2012-09-18 00:00:00,<Wine - Coteaux Du Tricastin Ac>
135,736,2009-08-25 00:00:00,<Sauce - Oyster>
136,483,2005-08-22 00:00:00,<Yoghurt Tubes>
137,720,2008-05-23 00:00:00,<Cheese - Goat>
138,158,2004-05-03 00:00:00,<Dill Weed - Dry>
139,725,2020-10-09 00:00:00,<Nougat - Paste / Cream>
140,73,2020-07-31 00:00:00,<Sage - Fresh>
141,637,2022-02-02 00:00:00,<Wine - Riesling Alsace Ac 2001>
142,170,2013-06-05 00:00:00,<Orange - Blood>
143,867,2009-07-28 00:00:00,<Flavouring - Raspberry>
144,146,2003-03-29 00:00:00,<Coke - Classic  355 Ml>
145,840,2004-07-21 00:00:00,<Five Alive Citrus>
146,737,2003-04-20 00:00:00,<Pork - Shoulder>
147,535,2004-05-15 00:00:00,<Quail - Eggs  Fresh>
148,403,2006-08-24 00:00:00,<Pasta - Lasagne  Fresh>
149,960,2021-02-02 00:00:00,<Cucumber - English>
150,556,2001-11-10 00:00:00,<Wine - Sake>
151,332,2010-03-15 00:00:00,<Vinegar - Tarragon>
152,289,2011-08-28 00:00:00,<Sprouts - Onion>
153,128,2017-12-16 00:00:00,<Passion Fruit>
154,621,2010-03-08 00:00:00,<Mussels - Frozen>
155,865,2014-08-31 00:00:00,<Cod - Black Whole Fillet>
156,312,2021-07-04 00:00:00,<Lemonade - Mandarin  591 Ml>
157,659,2012-12-25 00:00:00,<Anchovy Paste - 56 G Tube>
158,309,2005-10-13 00:00:00,<Nut - Pine Nuts  Whole>
159,805,2013-02-23 00:00:00,<Sauce - Balsamic Viniagrette>
160,173,2005-11-14 00:00:00,<Sausage - Breakfast>
161,331,2019-01-08 00:00:00,<Hickory Smoke  Liquid>
162,149,2012-07-18 00:00:00,<Compound - Pear>
163,939,2010-08-12 00:00:00,<Oil - Grapeseed Oil>
164,942,2018-01-03 00:00:00,<Asparagus - Mexican>
165,161,2013-08-24 00:00:00,<Mousse - Mango>
166,545,2002-04-09 00:00:00,<Ice - Clear  300 Lb For Carving>
167,654,2022-03-21 00:00:00,<Lobster - Tail  3 - 4 Oz>
168,816,2005-01-16 00:00:00,<Broom - Push>
169,944,2010-12-07 00:00:00,<Turkey - Breast  Boneless Sk On>
170,529,2016-02-15 00:00:00,<Swordfish Loin Portions>
171,534,2018-03-28 00:00:00,<Red Pepper Paste>
172,542,2019-10-07 00:00:00,<Chivas Regal - 12 Year Old>
173,508,2013-06-04 00:00:00,<V8 Splash Strawberry Banana>
174,794,2008-03-13 00:00:00,<Munchies Honey Sweet Trail Mix>
175,801,2009-04-17 00:00:00,<Capers - Pickled>
176,872,2010-05-24 00:00:00,<Beef - Tongue  Cooked>
177,750,2006-10-14 00:00:00,<Wine - Cahors Ac 2000  Clos>
178,433,2008-01-18 00:00:00,<Veal - Shank  Pieces>
179,316,2006-08-24 00:00:00,<Sprouts - Pea>
180,599,2014-08-21 00:00:00,<Daves Island Stinger>
181,961,2012-06-14 00:00:00,<Soup - Cream Of Potato / Leek>
182,123,2019-07-16 00:00:00,<Soup - Campbells Beef Stew>
183,786,2019-03-17 00:00:00,<Chicken - Tenderloin>
184,124,2018-11-23 00:00:00,<Pork - Shoulder>
185,74,2013-04-24 00:00:00,<Rice - Aborio>
186,677,2001-03-30 00:00:00,<Cheese - Brie>
187,871,2023-10-22 00:00:00,<Sour Puss - Tangerine>
188,840,2004-10-19 00:00:00,<Tortillas - Flour  10>
189,887,2014-02-01 00:00:00,<Appetizer - Assorted Box>
190,978,2003-12-31 00:00:00,<Lamb - Ground>
191,742,2016-06-13 00:00:00,<Lemonade - Strawberry  591 Ml>
192,778,2024-02-22 00:00:00,<Sauce - Chili>
193,945,2004-09-18 00:00:00,<Vinegar - Sherry>
194,602,2022-08-16 00:00:00,<Mince Meat - Filling>
195,780,2005-10-08 00:00:00,<Cheese - Camembert>
196,196,2011-07-19 00:00:00,<Wine - Rhine Riesling Wolf Blass>
197,759,2009-09-18 00:00:00,<Hog / Sausage Casing - Pork>
198,147,2009-10-03 00:00:00,<Cornstarch>
199,315,2019-09-14 00:00:00,<The Pop Shoppe - Cream Soda>
200,543,2023-09-26 00:00:00,<Lamb - Shoulder  Boneless>
201,620,2015-09-01 00:00:00,<Yeast - Fresh  Fleischman>
202,897,2017-11-29 00:00:00,<Pork - Loin  Bone - In>
203,405,2014-12-12 00:00:00,<Mountain Dew>
204,85,2023-02-08 00:00:00,<Quail - Whole  Boneless>
205,738,2002-09-19 00:00:00,<Juice - Apple Cider>
206,423,2015-12-03 00:00:00,<Container Clear 8 Oz>
207,572,2008-01-01 00:00:00,<Wine - Tio Pepe Sherry Fino>
208,504,2006-06-29 00:00:00,<Veal - Loin>
209,970,2016-04-09 00:00:00,<Eggplant Italian>
210,594,2015-08-24 00:00:00,<Squid Ink>
211,474,2001-03-10 00:00:00,<Squid Ink>
212,622,2013-12-19 00:00:00,<Wine - Port Late Bottled Vintage>
213,708,2021-11-29 00:00:00,<Tomatoes - Heirloom>
214,828,2022-11-16 00:00:00,<Veal - Osso Bucco>
215,557,2006-10-27 00:00:00,<Tomato - Plum With Basil>
216,650,2012-02-15 00:00:00,<Easy Off Oven Cleaner>
217,957,2001-01-04 00:00:00,<Gatorade - Fruit Punch>
218,874,2001-03-31 00:00:00,<Dasheen>
219,837,2006-10-17 00:00:00,<Lettuce - Lambs Mash>
220,629,2007-11-16 00:00:00,<Cheese - Mozzarella  Shredded>
221,963,2004-04-09 00:00:00,<Knife Plastic - White>
222,407,2012-05-29 00:00:00,<Buffalo - Tenderloin>
223,350,2001-03-18 00:00:00,<Duck - Legs>
224,367,2017-10-05 00:00:00,<Tea Peppermint>
225,244,2001-08-27 00:00:00,<Beef - Eye Of Round>
226,392,2004-10-04 00:00:00,<Noodles - Cellophane  Thin>
227,574,2023-11-10 00:00:00,<Wine - Touraine Azay - Le - Rideau>
228,425,2013-12-05 00:00:00,<Cheese - Mix>
229,93,2014-07-14 00:00:00,<Pork - Bacon  Sliced>
230,19,2018-05-23 00:00:00,<Bread Foccacia Whole>
231,991,2008-10-31 00:00:00,<Liners - Baking Cups>
232,219,2011-10-15 00:00:00,<Bread - Sour Sticks With Onion>
233,245,2015-10-04 00:00:00,<Onion - Dried>
234,101,2008-08-19 00:00:00,<Soda Water - Club Soda  355 Ml>
235,702,2000-07-20 00:00:00,<Drambuie>
236,759,2016-09-16 00:00:00,<Iced Tea - Lemon  340ml>
237,634,2013-11-27 00:00:00,<Transfer Sheets>
238,751,2021-03-30 00:00:00,<Stock - Veal  Brown>
239,267,2002-07-28 00:00:00,<Lentils - Green Le Puy>
240,735,2023-12-24 00:00:00,<Cake Sheet Combo Party Pack>
241,892,2013-05-12 00:00:00,<Salmon - Atlantic  Fresh  Whole>
242,964,2019-04-02 00:00:00,<Sauce - Bernaise  Mix>
243,795,2014-12-07 00:00:00,<Squash - Acorn>
244,405,2021-08-30 00:00:00,<Pea - Snow>
245,950,2002-05-16 00:00:00,<Sponge Cake Mix - Vanilla>
246,518,2014-04-05 00:00:00,<Pears - Fiorelle>
247,854,2019-10-29 00:00:00,<Phyllo Dough>
248,63,2013-03-15 00:00:00,<Scallops - U - 10>
249,192,2007-08-18 00:00:00,<Mustard - Seed>
250,994,2022-08-06 00:00:00,<Ecolab - Power Fusion>
251,335,2008-11-18 00:00:00,<Carrots - Jumbo>
252,622,2004-01-29 00:00:00,<Beer - Muskoka Cream Ale>
253,194,2008-11-13 00:00:00,<Muffin - Bran Ind Wrpd>
254,393,2000-11-24 00:00:00,<Vinegar - White>
255,596,2023-06-26 00:00:00,<Bread - Raisin Walnut Pull>
256,11,2014-05-20 00:00:00,<Wine - White  Colubia Cresh>
257,237,2021-12-16 00:00:00,<Bar Nature Valley>
258,42,2007-02-19 00:00:00,<Wine La Vielle Ferme Cote Du>
259,892,2018-10-09 00:00:00,<Otomegusa Dashi Konbu>
260,500,2003-04-17 00:00:00,<Devonshire Cream>
261,971,2010-09-22 00:00:00,<Foil - Round Foil>
262,175,2003-05-20 00:00:00,<Paper - Brown Paper Mini Cups>
263,766,2011-07-13 00:00:00,<Chicken - Bones>
264,455,2016-08-11 00:00:00,<Southern Comfort>
265,964,2018-07-13 00:00:00,<Pate - Liver>
266,27,2001-02-07 00:00:00,<Salt - Sea>
267,291,2007-12-24 00:00:00,<Bag - Bread  White  Plain>
268,343,2000-05-29 00:00:00,<Liqueur - Melon>
269,12,2002-04-26 00:00:00,<Olives - Green  Pitted>
270,403,2015-07-18 00:00:00,<Pie Shell - 9>
271,446,2005-11-20 00:00:00,<Bread - Multigrain  Loaf>
272,635,2023-01-27 00:00:00,<Oil - Macadamia>
273,863,2016-06-03 00:00:00,<Vinegar - Cider>
274,188,2015-06-03 00:00:00,<Liqueur - Melon>
275,376,2023-10-08 00:00:00,<Beer - Mcauslan Apricot>
276,34,2001-11-26 00:00:00,<Container - Clear 32 Oz>
277,245,2002-02-24 00:00:00,<Kirsch - Schloss>
278,710,2021-10-04 00:00:00,<Rabbit - Legs>
279,482,2015-06-14 00:00:00,<Jack Daniels>
280,169,2006-06-17 00:00:00,<Monkfish - Fresh>
281,166,2001-02-08 00:00:00,<Flour - Strong>
282,674,2005-05-23 00:00:00,<Wine - Charddonnay Errazuriz>
283,975,2018-07-07 00:00:00,<Parsley - Dried>
284,386,2007-06-07 00:00:00,<Foie Gras>
285,369,2009-02-26 00:00:00,<Loquat>
286,577,2000-04-28 00:00:00,<Vinegar - Rice>
287,171,2008-10-15 00:00:00,<Plate - Foam  Bread And Butter>
288,576,2017-06-07 00:00:00,<Mushroom - Oyster  Fresh>
289,55,2010-01-24 00:00:00,<Soup Campbells Beef With Veg>
290,852,2015-12-11 00:00:00,<Cup - 3.5oz  Foam>
291,164,2017-09-22 00:00:00,<The Pop Shoppe - Grape>
292,640,2007-03-24 00:00:00,<Venison - Racks Frenched>
293,878,2002-04-26 00:00:00,<Wine - Magnotta - Bel Paese White>
294,524,2011-11-09 00:00:00,<Maintenance Removal Charge>
295,4,2004-05-24 00:00:00,<Juice - Cranberry  341 Ml>
296,503,2020-05-21 00:00:00,<Gin - Gilbeys London  Dry>
297,50,2004-07-12 00:00:00,<Sauce - Hp>
298,328,2023-11-22 00:00:00,<Pepper - Black  Whole>
299,517,2007-12-13 00:00:00,<Vermouth - White  Cinzano>
300,481,2018-07-10 00:00:00,<Veal - Nuckle>
301,830,2012-08-13 00:00:00,<Wine - Chablis 2003 Champs>
302,728,2005-06-19 00:00:00,<Wine - Conde De Valdemar>
303,947,2022-06-28 00:00:00,<Cup - 6oz  Foam>
304,391,2008-09-07 00:00:00,<Sorrel - Fresh>
305,603,2014-11-05 00:00:00,<Lettuce - Romaine>
306,896,2010-11-07 00:00:00,<Bread - Pumpernickel>
307,566,2002-02-12 00:00:00,<Cinnamon - Ground>
308,463,2020-06-09 00:00:00,<Sobe - Liz Blizz>
309,235,2016-03-05 00:00:00,<Cookies - Fortune>
310,534,2012-03-15 00:00:00,<Ham - Cooked Bayonne Tinned>
311,586,2000-11-10 00:00:00,<Mince Meat - Filling>
312,110,2017-09-05 00:00:00,<Spinach - Spinach Leaf>
313,739,2019-04-03 00:00:00,<Spaghetti Squash>
314,310,2009-02-18 00:00:00,<Canada Dry>
315,152,2019-10-01 00:00:00,<Wine - Toasted Head>
316,465,2023-04-11 00:00:00,<Pastry - Lemon Danish - Mini>
317,445,2003-12-12 00:00:00,<Wine - Magnotta  White>
318,4,2006-01-30 00:00:00,<Arctic Char - Fillets>
319,206,2007-01-27 00:00:00,<Cheese - Valancey>
320,750,2002-05-06 00:00:00,<Cucumber - Pickling Ontario>
321,78,2011-04-20 00:00:00,<Ice Cream Bar - Oreo Sandwich>
322,306,2017-04-02 00:00:00,<Bag - Bread  White  Plain>
323,13,2002-08-20 00:00:00,<Cardamon Seed / Pod>
324,801,2009-12-09 00:00:00,<Beer - Mill St Organic>
325,519,2014-07-29 00:00:00,<Extract - Almond>
326,416,2004-03-24 00:00:00,<Bar Energy Chocchip>
327,734,2021-01-10 00:00:00,<Soup Knorr Chili With Beans>
328,867,2016-09-30 00:00:00,<Cookie - Oatmeal>
329,770,2015-06-11 00:00:00,<Barley - Pearl>
330,917,2014-12-31 00:00:00,<Sugar - Invert>
331,890,2000-05-29 00:00:00,<Sour Puss Raspberry>
332,107,2017-08-05 00:00:00,<Cake - Mini Cheesecake>
333,254,2001-07-29 00:00:00,<Cookie Dough - Chunky>
334,59,2008-05-17 00:00:00,<Veal - Osso Bucco>
335,94,2015-03-05 00:00:00,<Soup - Campbells  Chix Gumbo>
336,435,2002-01-16 00:00:00,<Baking Soda>
337,561,2007-12-13 00:00:00,<Dill Weed - Fresh>
338,770,2022-09-28 00:00:00,<Bread - French Baquette>
339,549,2007-06-18 00:00:00,<Steampan - Lid For Half Size>
340,105,2008-03-28 00:00:00,<Foil - 4oz Custard Cup>
341,940,2007-09-03 00:00:00,<Yoplait Drink>
342,867,2017-09-25 00:00:00,<Squid - Tubes / Tenticles 10/20>
343,217,2019-05-31 00:00:00,<Vermacelli - Sprinkles  Assorted>
344,517,2002-08-16 00:00:00,<Graham Cracker Mix>
345,568,2014-12-21 00:00:00,<Icecream - Dstk Strw Chseck>
346,389,2021-01-16 00:00:00,<Island Oasis - Lemonade>
347,716,2007-01-31 00:00:00,<Onions - Green>
348,563,2011-09-06 00:00:00,<Raspberries - Fresh>
349,595,2016-08-31 00:00:00,<Onions - Pearl>
350,281,2014-04-27 00:00:00,<Bread Crumbs - Japanese Style>
351,493,2014-07-04 00:00:00,<Pasta - Rotini  Colour  Dry>
352,152,2020-05-13 00:00:00,<Beef Cheek Fresh>
353,765,2001-10-14 00:00:00,<Extract - Rum>
354,827,2012-01-04 00:00:00,<Ice Cream Bar - Rolo Cone>
355,660,2010-08-02 00:00:00,<Corn - On The Cob>
356,714,2008-11-14 00:00:00,<Pail With Metal Handle 16l White>
357,447,2008-06-10 00:00:00,<Spaghetti Squash>
358,633,2021-11-22 00:00:00,<Pie Shell - 5>
359,75,2019-06-24 00:00:00,<Pork - European Side Bacon>
360,79,2015-11-15 00:00:00,<Soupcontfoam16oz 116con>
361,204,2010-03-01 00:00:00,<Honey - Comb>
362,733,2001-11-17 00:00:00,<Chestnuts - Whole canned>
363,451,2002-03-20 00:00:00,<Ecolab - Balanced Fusion>
364,781,2002-09-16 00:00:00,<Curry Paste - Green Masala>
365,78,2022-07-01 00:00:00,<Tea - Lemon Green Tea>
366,272,2009-10-11 00:00:00,<Liners - Banana  Paper>
367,163,2001-09-30 00:00:00,<Bacon Strip Precooked>
368,815,2020-03-16 00:00:00,<Mop Head - Cotton  24 Oz>
369,916,2003-12-27 00:00:00,<Garlic>
370,635,2011-06-24 00:00:00,<Bar - Sweet And Salty Chocolate>
371,889,2019-08-23 00:00:00,<Cheese - Pied De Vents>
372,373,2018-05-06 00:00:00,<Pork Salted Bellies>
373,538,2022-06-25 00:00:00,<Lotus Root>
374,519,2015-06-22 00:00:00,<Crawfish>
375,863,2007-11-18 00:00:00,<Oregano - Fresh>
376,232,2009-12-31 00:00:00,<Pork Loin Cutlets>
377,23,2023-08-17 00:00:00,<Oil - Olive>
378,187,2016-03-19 00:00:00,<Pepper - Gypsy Pepper>
379,656,2018-07-03 00:00:00,<Pork - Loin  Bone - In>
380,286,2008-11-17 00:00:00,<Apple - Northern Spy>
381,769,2023-04-12 00:00:00,<Ice Cream Bar - Drumstick>
382,634,2009-05-17 00:00:00,<White Baguette>
383,732,2020-04-20 00:00:00,<Sword Pick Asst>
384,993,2005-08-25 00:00:00,<Nantucket Apple Juice>
385,864,2023-11-19 00:00:00,<7up Diet  355 Ml>
386,640,2018-12-25 00:00:00,<Cheese - Parmesan Cubes>
387,361,2020-06-07 00:00:00,<Peas Snow>
388,660,2013-04-22 00:00:00,<Cheese - Pied De Vents>
389,835,2014-10-28 00:00:00,<Apple - Fuji>
390,199,2003-07-08 00:00:00,<Lemonade - Kiwi  591 Ml>
391,315,2009-05-13 00:00:00,<Wine - Alsace Gewurztraminer>
392,534,2021-08-05 00:00:00,<Straws - Cocktale>
393,197,2018-09-19 00:00:00,<Lettuce - Boston Bib>
394,48,2014-10-14 00:00:00,<Gherkin>
395,696,2007-08-11 00:00:00,<Pasta - Lasagne  Fresh>
396,643,2019-06-08 00:00:00,<Sprouts - Corn>
397,733,2015-10-21 00:00:00,<Watercress>
398,990,2013-06-20 00:00:00,<V8 Splash Strawberry Kiwi>
399,874,2006-02-08 00:00:00,<Truffle - Peelings>
400,370,2013-07-13 00:00:00,<7up Diet  355 Ml>
401,408,2018-12-06 00:00:00,<Beef - Short Loin>
402,654,2013-06-22 00:00:00,<Bread Base - Gold Formel>
403,392,2006-05-16 00:00:00,<Boogies>
404,964,2017-02-12 00:00:00,<Beer - Moosehead>
405,67,2004-08-18 00:00:00,<Hand Towel>
406,794,2001-09-29 00:00:00,<Sprouts - Pea>
407,83,2005-10-13 00:00:00,<Grouper - Fresh>
408,457,2021-10-14 00:00:00,<Pepper - Sorrano>
409,63,2014-02-03 00:00:00,<Beer - Corona>
410,917,2009-07-09 00:00:00,<Tart Shells - Savory  4>
411,153,2012-03-27 00:00:00,<Chicken - Thigh  Bone In>
412,929,2023-06-23 00:00:00,<Yokaline>
413,195,2004-05-18 00:00:00,<Sauce Tomato Pouch>
414,341,2018-12-25 00:00:00,<Yucca>
415,620,2023-03-09 00:00:00,<Water - Tonic>
416,36,2000-09-01 00:00:00,<Fish - Bones>
417,253,2005-09-23 00:00:00,<Black Currants>
418,607,2019-10-25 00:00:00,<Pepper - Cayenne>
419,89,2002-11-17 00:00:00,<Cheese - Perron Cheddar>
420,21,2007-03-08 00:00:00,<Wine - Cave Springs Dry Riesling>
421,468,2016-11-08 00:00:00,<Chilli Paste  Hot Sambal Oelek>
422,706,2015-12-03 00:00:00,<Bread - Roll  Whole Wheat>
423,245,2009-06-30 00:00:00,<Pastry - Carrot Muffin - Mini>
424,577,2015-05-01 00:00:00,<Pork - Sausage Casing>
425,717,2011-04-25 00:00:00,<Petite Baguette>
426,931,2008-02-28 00:00:00,<Vinegar - Sherry>
427,797,2015-06-30 00:00:00,<Nut - Walnut  Pieces>
428,312,2009-10-28 00:00:00,<Beans - Yellow>
429,936,2022-06-06 00:00:00,<Cheese - Provolone>
430,917,2016-10-15 00:00:00,<Chick Peas - Dried>
431,252,2023-09-30 00:00:00,<Beef - Outside  Round>
432,943,2022-03-07 00:00:00,<Salmon Steak - Cohoe 6 Oz>
433,165,2004-10-19 00:00:00,<Mushroom - Trumpet  Dry>
434,477,2007-10-27 00:00:00,<Veal - Tenderloin  Untrimmed>
435,358,2018-09-04 00:00:00,<Coke - Diet  355 Ml>
436,776,2023-01-08 00:00:00,<Wine - Shiraz Wolf Blass Premium>
437,818,2000-04-18 00:00:00,<Table Cloth 62x114 Colour>
438,283,2021-07-02 00:00:00,<Cheese - Cheddarsliced>
439,526,2006-02-17 00:00:00,<Cheese - St. Paulin>
440,756,2019-03-02 00:00:00,<Cheese - Parmigiano Reggiano>
441,793,2018-10-04 00:00:00,<Flower - Commercial Bronze>
442,235,2001-10-23 00:00:00,<Sobe - Liz Blizz>
443,997,2018-04-01 00:00:00,<Coffee - Espresso>
444,193,2004-07-18 00:00:00,<Shrimp - 16 - 20 Cooked  Peeled>
445,201,2008-08-05 00:00:00,<Chicken Giblets>
446,980,2017-01-16 00:00:00,<Wine - Chateauneuf Du Pape>
447,941,2023-05-17 00:00:00,<Flavouring - Raspberry>
448,254,2019-08-07 00:00:00,<Chutney Sauce - Mango>
449,589,2007-11-15 00:00:00,<Daves Island Stinger>
450,970,2021-09-18 00:00:00,<Capers - Ox Eye Daisy>
451,799,2014-02-21 00:00:00,<Pasta - Penne  Lisce  Dry>
452,332,2014-02-15 00:00:00,<Beans - Black Bean  Preserved>
453,955,2013-01-25 00:00:00,<Pork - Loin  Boneless>
454,445,2013-03-11 00:00:00,<Amaretto>
455,507,2008-02-03 00:00:00,<Currants>
456,961,2022-06-18 00:00:00,<Bread - Roll  Italian>
457,843,2018-11-04 00:00:00,<Pepper - Paprika  Hungarian>
458,203,2014-01-18 00:00:00,<Bouq All Italian - Primerba>
459,84,2013-02-28 00:00:00,<Shallots>
460,701,2008-04-23 00:00:00,<Coffee Cup 12oz 5342cd>
461,139,2020-05-03 00:00:00,<Oregano - Dry  Rubbed>
462,13,2008-07-20 00:00:00,<Table Cloth 90x90 White>
463,548,2002-06-15 00:00:00,<Nutmeg - Ground>
464,868,2009-02-18 00:00:00,<Amaretto>
465,180,2019-01-09 00:00:00,<Capers - Pickled>
466,776,2012-02-18 00:00:00,<Onions - Spanish>
467,205,2012-10-23 00:00:00,<Crab - Back Fin Meat  Canned>
468,96,2024-02-08 00:00:00,<Clams - Bay>
469,127,2018-02-04 00:00:00,<Onions - Cooking>
470,380,2013-01-04 00:00:00,<Tomatillo>
471,565,2008-05-05 00:00:00,<Cheese - Gouda Smoked>
472,501,2005-08-09 00:00:00,<Liquid Aminios Acid - Braggs>
473,580,2014-12-07 00:00:00,<Appetizer - Mango Chevre>
474,823,2020-05-11 00:00:00,<Crackers - Soda / Saltins>
475,843,2010-05-11 00:00:00,<Sambuca - Ramazzotti>
476,483,2012-03-27 00:00:00,<Water - Mineral  Natural>
477,448,2003-09-18 00:00:00,<Pastry - Mini French Pastries>
478,122,2008-10-29 00:00:00,<Beer - Blue Light>
479,269,2003-10-19 00:00:00,<Yucca>
480,932,2013-04-30 00:00:00,<Bread - Dark Rye>
481,631,2007-01-11 00:00:00,<Crab - Claws  26 - 30>
482,827,2016-11-26 00:00:00,<Crab - Dungeness  Whole>
483,307,2015-08-28 00:00:00,<Wine - Prem Select Charddonany>
484,808,2006-01-27 00:00:00,<Broom And Brush Rack Black>
485,261,2000-07-25 00:00:00,<Wine - Lamancha Do Crianza>
486,419,2010-08-22 00:00:00,<Pastry - French Mini Assorted>
487,828,2014-04-01 00:00:00,<Cheese - Grie Des Champ>
488,14,2008-11-29 00:00:00,<Yeast - Fresh  Fleischman>
489,258,2009-09-02 00:00:00,<Bread - Pita  Mini>
490,444,2017-03-17 00:00:00,<Crackers - Trio>
491,696,2014-04-03 00:00:00,<Potatoes - Pei 10 Oz>
492,137,2008-02-19 00:00:00,<Tia Maria>
493,30,2015-03-25 00:00:00,<Lamb - Loin  Trimmed  Boneless>
494,331,2023-06-18 00:00:00,<Aromat Spice / Seasoning>
495,881,2011-02-20 00:00:00,<Truffle - Peelings>
496,818,2015-10-29 00:00:00,<Jagermeister>
497,957,2010-04-24 00:00:00,<Lettuce - Belgian Endive>
498,696,2009-03-07 00:00:00,<White Baguette>
499,901,2006-08-06 00:00:00,<Alize Sunset>
500,915,2005-08-08 00:00:00,<Syrup - Monin  Irish Cream>
501,448,2003-12-13 00:00:00,<Coffee - Decaffeinato Coffee>
502,663,2020-09-13 00:00:00,<Raisin - Dark>
503,534,2003-08-07 00:00:00,<Lamb - Whole Head Off nz>
504,318,2017-02-09 00:00:00,<Soy Protein>
505,901,2000-09-25 00:00:00,<Soup - Canadian Pea  Dry Mix>
506,200,2018-05-02 00:00:00,<Beef - Salted>
507,515,2017-08-20 00:00:00,<Milk - 2%>
508,431,2023-01-16 00:00:00,<Hot Choc Vending>
509,179,2005-06-17 00:00:00,<Canada Dry>
510,407,2012-11-12 00:00:00,<Mince Meat - Filling>
511,292,2011-02-24 00:00:00,<Olives - Stuffed>
512,332,2008-04-27 00:00:00,<Bread - Focaccia Quarter>
513,878,2013-10-21 00:00:00,<Mix - Cocktail Strawberry Daiquiri>
514,340,2019-12-19 00:00:00,<Pail With Metal Handle 16l White>
515,706,2022-04-06 00:00:00,<Wine - Valpolicella Masi>
516,483,2015-10-12 00:00:00,<Sprouts - Alfalfa>
517,264,2006-04-29 00:00:00,<Pickle - Dill>
518,123,2017-02-11 00:00:00,<Mustard - Dry  Powder>
519,929,2015-09-09 00:00:00,<Bread - Corn Muffaleta Onion>
520,188,2003-02-19 00:00:00,<Truffle - Whole Black Peeled>
521,115,2013-08-07 00:00:00,<Bar - Granola Trail Mix Fruit Nut>
522,341,2014-11-19 00:00:00,<Nut - Pecan  Halves>
523,138,2018-12-03 00:00:00,<Gloves - Goldtouch Disposable>
524,507,2014-05-03 00:00:00,<Beans - French>
525,926,2016-02-14 00:00:00,<Crab - Meat>
526,954,2003-06-21 00:00:00,<Pork - Belly Fresh>
527,112,2017-01-12 00:00:00,<Remy Red Berry Infusion>
528,280,2023-04-09 00:00:00,<Miso - Soy Bean Paste>
529,590,2011-01-30 00:00:00,<Sandwich Wrap>
530,599,2010-05-03 00:00:00,<Ice Cream - Turtles Stick Bar>
531,615,2001-08-25 00:00:00,<Soup - Campbells Tomato Ravioli>
532,661,2018-08-04 00:00:00,<Chambord Royal>
533,660,2004-01-26 00:00:00,<Extract - Almond>
534,545,2020-11-27 00:00:00,<Toothpick Frilled>
535,999,2019-12-12 00:00:00,<Tamarillo>
536,993,2000-08-01 00:00:00,<Plastic Wrap>
537,62,2020-02-11 00:00:00,<Duck - Fat>
538,8,2009-05-09 00:00:00,<Scotch - Queen Anne>
539,761,2002-02-14 00:00:00,<Muffin Hinge - 211n>
540,960,2011-06-24 00:00:00,<Pizza Pizza Dough>
541,46,2008-06-02 00:00:00,<Wine - Port Late Bottled Vintage>
542,830,2000-06-06 00:00:00,<Wine - Chardonnay Mondavi>
543,562,2004-06-15 00:00:00,<Chocolate - Sugar Free Semi Choc>
544,45,2015-01-15 00:00:00,<Sobe - Liz Blizz>
545,240,2021-08-08 00:00:00,<Cornflakes>
546,199,2000-12-27 00:00:00,<Smoked Tongue>
547,361,2018-09-30 00:00:00,<Salad Dressing>
548,715,2010-06-20 00:00:00,<Tomatoes - Cherry>
549,86,2010-08-26 00:00:00,<Wakami Seaweed>
550,226,2023-05-08 00:00:00,<Oil - Canola>
551,168,2004-06-28 00:00:00,<Cherries - Bing  Canned>
552,320,2019-11-19 00:00:00,<Basil - Pesto Sauce>
553,133,2021-02-06 00:00:00,<Beef - Rib Roast  Capless>
554,132,2021-08-25 00:00:00,<Wine - Shiraz Wolf Blass Premium>
555,585,2018-06-08 00:00:00,<Pasta - Fusili  Dry>
556,331,2022-08-10 00:00:00,<Soup - Cream Of Broccoli  Dry>
557,18,2002-11-13 00:00:00,<Aspic - Light>
558,451,2023-01-25 00:00:00,<Rice - Long Grain>
559,690,2006-04-01 00:00:00,<Capon - Whole>
560,898,2008-11-06 00:00:00,<Bread - Petit Baguette>
561,625,2005-08-15 00:00:00,<Sobe - Tropical Energy>
562,755,2003-12-05 00:00:00,<Muffin Batt - Carrot Spice>
563,577,2014-01-08 00:00:00,<Langers - Cranberry Cocktail>
564,489,2011-06-26 00:00:00,<Wine - Red  Cabernet Merlot>
565,305,2007-11-11 00:00:00,<7up Diet  355 Ml>
566,421,2001-11-23 00:00:00,<Pasta - Angel Hair>
567,363,2013-12-10 00:00:00,<Squid - U - 10 Thailand>
568,367,2006-07-05 00:00:00,<Quinoa>
569,302,2022-09-06 00:00:00,<Pasta - Angel Hair>
570,638,2008-12-19 00:00:00,<Basil - Dry  Rubbed>
571,168,2021-09-03 00:00:00,<Chocolate Bar - Smarties>
572,630,2003-05-04 00:00:00,<Amarula Cream>
573,746,2013-11-08 00:00:00,<Paper Towel Touchless>
574,876,2008-11-29 00:00:00,<Tea - English Breakfast>
575,923,2017-10-31 00:00:00,<Pie Pecan>
576,390,2001-09-11 00:00:00,<Swiss Chard>
577,26,2012-03-04 00:00:00,<Samosa - Veg>
578,374,2013-11-19 00:00:00,<Chicken - Leg  Fresh>
579,835,2018-01-16 00:00:00,<Dry Ice>
580,220,2008-01-28 00:00:00,<Crackers - Graham>
581,652,2000-01-06 00:00:00,<Truffle - Whole Black Peeled>
582,85,2004-09-10 00:00:00,<Soup - Cream Of Potato / Leek>
583,285,2006-07-08 00:00:00,<Sobe - Lizard Fuel>
584,589,2022-11-21 00:00:00,<Cake - Lemon Chiffon>
585,149,2000-06-02 00:00:00,<Wine - Magnotta - Cab Franc>
586,877,2000-10-13 00:00:00,<Fudge - Chocolate Fudge>
587,964,2000-01-30 00:00:00,<Longos - Chicken Curried>
588,513,2014-12-06 00:00:00,<Marjoram - Fresh>
589,734,2019-06-27 00:00:00,<Rosemary - Fresh>
590,53,2017-05-02 00:00:00,<Chicken - Livers>
591,400,2000-07-16 00:00:00,<Wine - Zinfandel California 2002>
592,878,2021-01-24 00:00:00,<Grapes - Green>
593,716,2005-03-23 00:00:00,<Bulgar>
594,715,2021-05-02 00:00:00,<Cream - 10%>
595,824,2003-01-04 00:00:00,<Cabbage - Red>
596,476,2010-03-12 00:00:00,<Chicken - Whole Fryers>
597,390,2000-07-31 00:00:00,<Extract - Lemon>
598,347,2016-03-07 00:00:00,<Tea - Vanilla Chai>
599,566,2009-05-20 00:00:00,<Asparagus - Frozen>
600,776,2006-02-09 00:00:00,<Wonton Wrappers>
601,995,2011-11-21 00:00:00,<Wine - Vovray Sec Domaine Huet>
602,148,2000-08-30 00:00:00,<Spice - Paprika>
603,661,2022-10-19 00:00:00,<Cookie Dough - Oatmeal Rasin>
604,671,2007-12-04 00:00:00,<Pork - Sausage  Medium>
605,71,2013-06-10 00:00:00,<Coffee - Frthy Coffee Crisp>
606,877,2007-06-17 00:00:00,<Soup Campbells - Tomato Bisque>
607,735,2010-09-28 00:00:00,<Pasta - Penne  Rigate  Dry>
608,711,2021-08-11 00:00:00,<Milkettes - 2%>
609,261,2008-12-19 00:00:00,<Passion Fruit>
610,456,2014-02-09 00:00:00,<True - Vue Containers>
611,347,2007-12-06 00:00:00,<Artichoke - Fresh>
612,376,2017-10-30 00:00:00,<Beef - Salted>
613,839,2002-01-26 00:00:00,<Butter Sweet>
614,574,2015-03-28 00:00:00,<Squash - Acorn>
615,825,2007-03-19 00:00:00,<Beans - French>
616,18,2005-11-10 00:00:00,<Flour Pastry Super Fine>
617,378,2018-02-06 00:00:00,<Fruit Mix - Light>
618,887,2004-01-18 00:00:00,<Beer - Steamwhistle>
619,770,2013-01-12 00:00:00,<Juice - Orange  341 Ml>
620,881,2022-09-27 00:00:00,<Turnip - Mini>
621,670,2023-08-20 00:00:00,<Soup - French Onion  Dry>
622,135,2009-03-08 00:00:00,<Cafe Royale>
623,344,2020-06-23 00:00:00,<Shrimp - Baby  Cold Water>
624,609,2020-07-06 00:00:00,<Wine - Delicato Merlot>
625,383,2012-01-23 00:00:00,<Juice - Orange>
626,397,2018-11-26 00:00:00,<Shrimp - Prawn>
627,924,2014-01-23 00:00:00,<Long Island Ice Tea>
628,282,2018-05-28 00:00:00,<Cornflakes>
629,818,2013-10-17 00:00:00,<Chervil - Fresh>
630,225,2000-05-01 00:00:00,<Alize Red Passion>
631,114,2019-10-19 00:00:00,<Truffle Paste>
632,12,2013-07-29 00:00:00,<Breakfast Quesadillas>
633,66,2012-06-03 00:00:00,<Lentils - Green  Dry>
634,332,2012-06-26 00:00:00,<Syrup - Monin - Granny Smith>
635,128,2012-11-07 00:00:00,<Chocolate - Milk Coating>
636,967,2014-03-08 00:00:00,<Flour - Strong Pizza>
637,23,2004-08-10 00:00:00,<Juice - Grape  White>
638,554,2010-05-01 00:00:00,<Sage - Fresh>
639,686,2015-12-15 00:00:00,<Wine - Vidal Icewine Magnotta>
640,804,2015-06-19 00:00:00,<Container Clear 8 Oz>
641,832,2019-04-20 00:00:00,<Beans - Long  Chinese>
642,191,2001-04-07 00:00:00,<Fruit Mix - Light>
643,610,2004-12-06 00:00:00,<Cheese - St. Andre>
644,702,2008-09-23 00:00:00,<Syrup - Monin - Granny Smith>
645,840,2000-09-11 00:00:00,<Nori Sea Weed - Gold Label>
646,359,2014-10-12 00:00:00,<Wine - Touraine Azay - Le - Rideau>
647,642,2016-01-25 00:00:00,<Chicken - Base  Ultimate>
648,480,2010-09-02 00:00:00,<Banana Turning>
649,237,2010-01-12 00:00:00,<Noodles - Cellophane  Thin>
650,731,2014-05-29 00:00:00,<Tea - Mint>
651,988,2022-05-14 00:00:00,<Pork - Ham Hocks - Smoked>
652,37,2020-04-22 00:00:00,<Wine - Placido Pinot Grigo>
653,388,2016-09-30 00:00:00,<Cheese - Stilton>
654,994,2018-11-19 00:00:00,<Yucca>
655,56,2021-07-28 00:00:00,<Pears - Fiorelle>
656,271,2013-06-01 00:00:00,<Wine - Rosso Del Veronese Igt>
657,937,2014-04-06 00:00:00,<Oxtail - Cut>
658,8,2014-01-05 00:00:00,<Rosemary - Primerba  Paste>
659,926,2020-12-20 00:00:00,<Chips - Miss Vickies>
660,19,2014-12-13 00:00:00,<Truffle Shells - Semi - Sweet>
661,56,2001-04-14 00:00:00,<Baking Powder>
662,550,2015-06-10 00:00:00,<Garlic - Primerba  Paste>
663,20,2010-04-04 00:00:00,<Tomatoes Tear Drop>
664,665,2014-12-25 00:00:00,<Food Colouring - Green>
665,676,2017-09-24 00:00:00,<Pepper - Red Bell>
666,653,2023-11-11 00:00:00,<Pastry - Banana Muffin - Mini>
667,120,2009-06-27 00:00:00,<Pizza Pizza Dough>
668,66,2015-02-24 00:00:00,<Wine - Beaujolais Villages>
669,652,2008-10-02 00:00:00,<Turnip - White  Organic>
670,489,2003-04-23 00:00:00,<Mustard - Pommery>
671,634,2006-07-11 00:00:00,<Cheese - Gouda Smoked>
672,13,2005-04-14 00:00:00,<Cherries - Bing  Canned>
673,599,2022-02-23 00:00:00,<Corn - Cream  Canned>
674,663,2016-08-17 00:00:00,<Lid - 16 Oz And 32 Oz>
675,956,2003-02-18 00:00:00,<Table Cloth 54x72 Colour>
676,269,2002-11-06 00:00:00,<Creme De Cacao Mcguines>
677,619,2011-02-05 00:00:00,<Pastry - Butterscotch Baked>
678,418,2008-10-09 00:00:00,<Milk - 2% 250 Ml>
679,225,2021-11-06 00:00:00,<Wine - Red  Marechal Foch>
680,436,2014-01-04 00:00:00,<Sour Puss - Tangerine>
681,127,2022-09-09 00:00:00,<Muffin Hinge 117n>
682,160,2014-01-01 00:00:00,<Orange - Blood>
683,927,2001-10-30 00:00:00,<Wine - White  Schroder And Schyl>
684,487,2005-09-11 00:00:00,<Dehydrated Kelp Kombo>
685,111,2005-05-03 00:00:00,<Flavouring - Orange>
686,793,2012-04-25 00:00:00,<Alize Sunset>
687,84,2003-12-13 00:00:00,<Turnip - Wax>
688,404,2008-12-12 00:00:00,<Seaweed Green Sheets>
689,753,2020-03-25 00:00:00,<Puree - Pear>
690,742,2020-05-23 00:00:00,<Mints - Striped Red>
691,68,2022-07-16 00:00:00,<Flower - Carnations>
692,642,2000-05-09 00:00:00,<Brandy - Bar>
693,369,2021-07-25 00:00:00,<Vodka - Smirnoff>
694,220,2006-01-23 00:00:00,<Spoon - Soup  Plastic>
695,939,2020-01-17 00:00:00,<Wine - Jaboulet Cotes Du Rhone>
696,659,2005-12-19 00:00:00,<Eggplant - Baby>
697,975,2018-06-21 00:00:00,<Tomatoes - Vine Ripe  Yellow>
698,392,2001-03-06 00:00:00,<Chicken - Wieners>
699,315,2016-04-05 00:00:00,<Pernod>
700,284,2001-10-12 00:00:00,<Shrimp - 16/20  Iqf  Shell On>
701,433,2004-06-08 00:00:00,<Fenngreek Seed>
702,743,2002-04-23 00:00:00,<Wine - Chateauneuf Du Pape>
703,185,2008-03-05 00:00:00,<Milk - 2%>
704,714,2013-05-16 00:00:00,<Chicken - Tenderloin>
705,20,2014-07-08 00:00:00,<Wine - Red  Pinot Noir  Chateau>
706,768,2022-02-20 00:00:00,<Appetiser - Bought>
707,916,2003-03-15 00:00:00,<Fenngreek Seed>
708,122,2015-01-22 00:00:00,<Swordfish Loin Portions>
709,142,2006-06-12 00:00:00,<Bok Choy - Baby>
710,750,2017-07-12 00:00:00,<Radish>
711,424,2016-12-21 00:00:00,<Sobe - Cranberry Grapefruit>
712,840,2014-10-30 00:00:00,<Stock - Chicken  White>
713,927,2010-02-19 00:00:00,<Scallops 60/80 Iqf>
714,522,2011-10-12 00:00:00,<Olives - Stuffed>
715,815,2002-03-17 00:00:00,<Bag - Bread  White  Plain>
716,788,2009-09-16 00:00:00,<Wonton Wrappers>
717,751,2013-12-31 00:00:00,<Container - Hngd Cll Blk 7x7x3>
718,480,2004-05-11 00:00:00,<Rosemary - Dry>
719,187,2000-12-10 00:00:00,<Huck White Towels>
720,534,2001-04-28 00:00:00,<Table Cloth 81x81 Colour>
721,419,2009-10-03 00:00:00,<Calypso - Black Cherry Lemonade>
722,56,2022-07-24 00:00:00,<Pork - Chop  Frenched>
723,287,2012-11-13 00:00:00,<Ice Cream Bar - Hageen Daz To>
724,972,2023-07-20 00:00:00,<Wine - Sauvignon Blanc Oyster>
725,585,2021-09-24 00:00:00,<Beans - Black Bean  Preserved>
726,315,2004-11-08 00:00:00,<Chocolate - Semi Sweet  Calets>
727,187,2023-11-12 00:00:00,<Chicken Giblets>
728,737,2022-07-13 00:00:00,<Irish Cream - Butterscotch>
729,115,2012-04-17 00:00:00,<Pie Pecan>
730,308,2011-08-28 00:00:00,<Apricots Fresh>
731,616,2004-10-16 00:00:00,<Tuna - Yellowfin>
732,147,2016-03-16 00:00:00,<Pineapple - Canned  Rings>
733,487,2020-02-25 00:00:00,<Pasta - Rotini  Colour  Dry>
734,544,2003-04-16 00:00:00,<Muffin Mix - Chocolate Chip>
735,621,2008-07-18 00:00:00,<Rabbit - Whole>
736,220,2017-02-28 00:00:00,<Wonton Wrappers>
737,274,2003-03-24 00:00:00,<Gatorade - Orange>
738,143,2016-02-08 00:00:00,<Banana - Leaves>
739,20,2004-08-25 00:00:00,<Muffin Puck Ww Carrot>
740,898,2004-07-23 00:00:00,<Shrimp - Tiger 21/25>
741,432,2006-04-07 00:00:00,<Barramundi>
742,126,2007-11-12 00:00:00,<Eggplant - Regular>
743,39,2020-07-19 00:00:00,<Onions - Pearl>
744,214,2014-02-17 00:00:00,<Bread Crumbs - Japanese Style>
745,52,2018-02-01 00:00:00,<Kahlua>
746,211,2010-07-08 00:00:00,<Parasol Pick Stir Stick>
747,956,2005-07-30 00:00:00,<Venison - Striploin>
748,698,2004-02-05 00:00:00,<Country Roll>
749,620,2021-09-21 00:00:00,<Plasticforkblack>
750,924,2006-11-10 00:00:00,<Glass - Juice Clear 5oz 55005>
751,667,2013-09-30 00:00:00,<Cups 10oz Trans>
752,115,2008-03-31 00:00:00,<Bread - Sour Sticks With Onion>
753,670,2008-01-31 00:00:00,<Truffle Shells - Semi - Sweet>
754,193,2015-12-06 00:00:00,<Capon - Breast  Wing On>
755,616,2002-08-09 00:00:00,<Kahlua>
756,652,2011-02-19 00:00:00,<Chives - Fresh>
757,618,2021-08-15 00:00:00,<Schnappes - Peach  Walkers>
758,479,2003-05-07 00:00:00,<Pasta - Penne Primavera  Single>
759,429,2008-04-02 00:00:00,<Longos - Chicken Wings>
760,893,2014-10-21 00:00:00,<Wine - Red  Cabernet Sauvignon>
761,171,2002-09-23 00:00:00,<Soup - Knorr  Country Bean>
762,199,2012-08-31 00:00:00,<Salmon Atl.whole 8 - 10 Lb>
763,87,2011-05-10 00:00:00,<Bread - Hamburger Buns>
764,787,2006-11-24 00:00:00,<Ecolab - Power Fusion>
765,85,2016-08-05 00:00:00,<Oil - Pumpkinseed>
766,133,2000-02-03 00:00:00,<Tuna - Canned  Flaked  Light>
767,903,2016-01-20 00:00:00,<Wild Boar - Tenderloin>
768,250,2002-02-14 00:00:00,<Vol Au Vents>
769,452,2014-04-25 00:00:00,<Trout - Rainbow  Fresh>
770,630,2017-08-20 00:00:00,<Beer - Sleemans Cream Ale>
771,368,2012-03-07 00:00:00,<Wine - White  Ej Gallo>
772,808,2012-05-18 00:00:00,<Halibut - Whole  Fresh>
773,666,2013-12-09 00:00:00,<Cheese - Swiss Sliced>
774,583,2010-05-24 00:00:00,<Oneshot Automatic Soap System>
775,504,2013-02-04 00:00:00,<Buffalo - Short Rib Fresh>
776,219,2008-06-18 00:00:00,<Chinese Foods - Pepper Beef>
777,697,2006-02-22 00:00:00,<Figs>
778,430,2022-01-18 00:00:00,<Beer - Camerons Auburn>
779,275,2009-05-20 00:00:00,<Pasta - Lasagna Noodle  Frozen>
780,128,2009-08-29 00:00:00,<Puree - Mocha>
781,328,2011-11-12 00:00:00,<Grenadillo>
782,976,2003-04-04 00:00:00,<Beans - Long  Chinese>
783,874,2022-04-17 00:00:00,<Tea - Lemon Green Tea>
784,608,2020-10-06 00:00:00,<Beer - Blue>
785,105,2004-12-10 00:00:00,<Soap - Pine Sol Floor Cleaner>
786,423,2015-10-22 00:00:00,<Wine - Spumante Bambino White>
787,632,2002-07-21 00:00:00,<Lamb - Sausage Casings>
788,595,2004-12-30 00:00:00,<Zucchini - Mini  Green>
789,242,2001-02-18 00:00:00,<Pasta - Agnolotti - Butternut>
790,581,2003-11-25 00:00:00,<Beer - Sleemans Cream Ale>
791,916,2001-05-14 00:00:00,<Wine - Merlot Vina Carmen>
792,451,2017-02-21 00:00:00,<Soup - Cream Of Broccoli>
793,276,2017-07-16 00:00:00,<Eggroll>
794,83,2023-09-03 00:00:00,<Syrup - Monin - Passion Fruit>
795,596,2002-09-12 00:00:00,<Swordfish Loin Portions>
796,250,2020-11-25 00:00:00,<Soup - Campbells Chicken>
797,518,2016-12-18 00:00:00,<Beef - Inside Round>
798,506,2002-07-22 00:00:00,<External Supplier>
799,200,2007-09-04 00:00:00,<Sauce - Cranberry>
800,530,2001-02-22 00:00:00,<Cookies - Fortune>
801,44,2012-10-26 00:00:00,<Vacuum Bags 12x16>
802,716,2000-06-06 00:00:00,<Pork - Shoulder>
803,951,2015-10-28 00:00:00,<Appetizer - Smoked Salmon / Dill>
804,158,2015-05-18 00:00:00,<Juice - Grape  White>
805,451,2007-12-24 00:00:00,<Ecolab - Hobart Washarm End Cap>
806,870,2018-05-14 00:00:00,<Nut - Walnut  Pieces>
807,257,2000-09-08 00:00:00,<Pan Grease>
808,322,2022-02-23 00:00:00,<Southern Comfort>
809,189,2016-10-22 00:00:00,<Glucose>
810,925,2002-05-18 00:00:00,<Flower - Carnations>
811,575,2006-06-29 00:00:00,<Cherries - Bing  Canned>
812,12,2016-08-02 00:00:00,<The Pop Shoppe Pinapple>
813,489,2019-07-17 00:00:00,<Beans - Kidney  Canned>
814,161,2013-11-12 00:00:00,<Cake - Box Window 10x10x2.5>
815,72,2000-03-07 00:00:00,<Wine - Wyndham Estate Bin 777>
816,826,2022-06-11 00:00:00,<Snapple - Iced Tea Peach>
817,420,2008-05-11 00:00:00,<Rambutan>
818,791,2003-11-29 00:00:00,<Veal - Slab Bacon>
819,563,2024-02-07 00:00:00,<Coconut Milk - Unsweetened>
820,231,2002-05-20 00:00:00,<Juice - Cranberry  341 Ml>
821,485,2020-08-10 00:00:00,<Muskox - French Rack>
822,913,2004-08-18 00:00:00,<Wine - Periguita Fonseca>
823,247,2001-02-02 00:00:00,<Vector Energy Bar>
824,348,2011-08-07 00:00:00,<Ham - Smoked  Bone - In>
825,521,2014-01-27 00:00:00,<Sweet Pea Sprouts>
826,390,2005-11-29 00:00:00,<Wine - Red  Mouton Cadet>
827,920,2007-10-15 00:00:00,<Pepper - Black  Crushed>
828,484,2003-02-26 00:00:00,<Lid - 3oz Med Rec>
829,230,2022-06-04 00:00:00,<Sauce - Rosee>
830,106,2000-09-18 00:00:00,<General Purpose Trigger>
831,27,2015-11-03 00:00:00,<Energy - Boo - Koo>
832,627,2008-05-17 00:00:00,<Alize Red Passion>
833,454,2007-05-13 00:00:00,<Flavouring Vanilla Artificial>
834,321,2020-06-05 00:00:00,<Octopus - Baby  Cleaned>
835,91,2018-12-01 00:00:00,<Scampi Tail>
836,455,2004-07-15 00:00:00,<Waffle Stix>
837,707,2022-01-12 00:00:00,<Wine - Red  Metus Rose>
838,579,2022-10-11 00:00:00,<Bread - Pumpernickel>
839,171,2014-10-27 00:00:00,<Milk - Condensed>
840,200,2005-03-05 00:00:00,<Cleaner - Lime Away>
841,229,2003-12-13 00:00:00,<Lettuce - Spring Mix>
842,400,2003-06-16 00:00:00,<Compound - Pear>
843,353,2001-03-27 00:00:00,<Pineapple - Regular>
844,774,2021-04-24 00:00:00,<Bread - Bagels  Mini>
845,146,2009-01-18 00:00:00,<Icecream Bar - Del Monte>
846,846,2019-06-28 00:00:00,<Dc Hikiage Hira Huba>
847,916,2016-04-05 00:00:00,<Rambutan>
848,196,2020-04-05 00:00:00,<Wine - Jaboulet Cotes Du Rhone>
849,445,2023-01-25 00:00:00,<Puree - Guava>
850,335,2016-04-27 00:00:00,<Tomatillo>
851,418,2004-05-17 00:00:00,<Sauce - Salsa>
852,733,2009-08-30 00:00:00,<Cheese - Cheddar  Medium>
853,920,2015-08-09 00:00:00,<Cactus Pads>
854,479,2002-11-13 00:00:00,<Nestea - Ice Tea  Diet>
855,701,2021-07-31 00:00:00,<Shrimp - Baby  Cold Water>
856,347,2001-08-02 00:00:00,<Bread - Bagels  Plain>
857,661,2002-04-03 00:00:00,<The Pop Shoppe - Grape>
858,15,2017-12-22 00:00:00,<Oil - Shortening - All - Purpose>
859,99,2022-02-01 00:00:00,<Sauce - Hoisin>
860,946,2005-03-04 00:00:00,<Bar Nature Valley>
861,247,2021-08-25 00:00:00,<Salt - Celery>
862,571,2015-12-20 00:00:00,<Thyme - Fresh>
863,13,2010-05-28 00:00:00,<Wine - White  Schroder And Schyl>
864,465,2022-08-29 00:00:00,<Vinegar - Balsamic  White>
865,633,2004-04-28 00:00:00,<Prunes - Pitted>
866,872,2019-05-17 00:00:00,<Chicken - Thigh  Bone In>
867,678,2015-08-02 00:00:00,<Pastry - Plain Baked Croissant>
868,56,2020-05-03 00:00:00,<Mushrooms - Honey>
869,308,2011-11-10 00:00:00,<Snapple - Iced Tea Peach>
870,160,2009-10-06 00:00:00,<Wine - White  Ej Gallo>
871,422,2007-10-01 00:00:00,<Tuna - Sushi Grade>
872,461,2012-01-06 00:00:00,<Lamb - Whole Head Off nz>
873,792,2004-08-24 00:00:00,<Muffin Mix - Carrot>
874,364,2008-01-27 00:00:00,<Potatoes - Yukon Gold 5 Oz>
875,996,2000-08-19 00:00:00,<Lobster - Base>
876,779,2017-07-17 00:00:00,<Gatorade - Lemon Lime>
877,440,2019-09-12 00:00:00,<Wine - Red  Pelee Island Merlot>
878,232,2006-01-22 00:00:00,<Vinegar - Balsamic>
879,806,2022-07-08 00:00:00,<Cheese - Montery Jack>
880,962,2009-06-13 00:00:00,<Pepper - Green  Chili>
881,431,2016-11-22 00:00:00,<Pastrami>
882,825,2008-09-12 00:00:00,<Kellogs Raisan Bran Bars>
883,336,2001-03-24 00:00:00,<Oil - Truffle  Black>
884,851,2015-02-17 00:00:00,<Wine - Merlot Vina Carmen>
885,739,2020-11-21 00:00:00,<Catfish - Fillets>
886,24,2020-05-04 00:00:00,<Cheese - Cheddar  Medium>
887,273,2008-07-20 00:00:00,<Wine - Rosso Toscano Igt>
888,735,2020-03-14 00:00:00,<Energy Drink - Franks Pineapple>
889,493,2022-10-06 00:00:00,<Chocolate - Chips Compound>
890,910,2014-06-18 00:00:00,<Jolt Cola - Electric Blue>
891,109,2009-03-20 00:00:00,<Sweet Pea Sprouts>
892,133,2022-01-03 00:00:00,<Tomato - Tricolor Cherry>
893,4,2001-02-04 00:00:00,<Ocean Spray - Ruby Red>
894,767,2012-03-13 00:00:00,<Pork - Backfat>
895,293,2011-12-06 00:00:00,<Longos - Lasagna Beef>
896,964,2002-05-21 00:00:00,<Steel Wool S.o.s>
897,159,2019-04-08 00:00:00,<Cake - Miini Cheesecake Cherry>
898,159,2005-04-25 00:00:00,<Snapple - Mango Maddness>
899,821,2011-05-17 00:00:00,<Island Oasis - Magarita Mix>
900,388,2015-12-08 00:00:00,<Bread - Crusty Italian Poly>
901,583,2020-06-01 00:00:00,<Yucca>
902,572,2008-10-22 00:00:00,<Cod - Black Whole Fillet>
903,136,2018-07-05 00:00:00,<Praline Paste>
904,139,2023-03-27 00:00:00,<Pear - Packum>
905,847,2005-11-13 00:00:00,<Soup - Campbells - Chicken Noodle>
906,112,2007-06-24 00:00:00,<Tarts Assorted>
907,957,2019-10-18 00:00:00,<Cape Capensis - Fillet>
908,943,2015-07-28 00:00:00,<Raspberries - Fresh>
909,540,2021-02-21 00:00:00,<Clementine>
910,990,2002-05-15 00:00:00,<Pastry - Chocolate Marble Tea>
911,86,2007-01-21 00:00:00,<Cookie Choc>
912,288,2022-09-16 00:00:00,<Raisin - Golden>
913,469,2012-01-02 00:00:00,<Pork - Suckling Pig>
914,967,2011-07-12 00:00:00,<Pineapple - Golden>
915,522,2016-04-28 00:00:00,<Cinnamon - Stick>
916,340,2021-08-23 00:00:00,<Wine - White  Schroder And Schyl>
917,732,2007-04-01 00:00:00,<True - Vue Containers>
918,298,2017-10-18 00:00:00,<Napkin - Dinner  White>
919,799,2012-09-09 00:00:00,<Butter - Unsalted>
920,810,2012-02-06 00:00:00,<Sauce - Soya  Dark>
921,807,2021-04-26 00:00:00,<Shrimp - Black Tiger 13/15>
922,923,2004-08-26 00:00:00,<Chicken - Whole>
923,454,2017-12-22 00:00:00,<Barramundi>
924,181,2002-10-19 00:00:00,<Sauce - Fish 25 Ozf Bottle>
925,333,2023-12-12 00:00:00,<Coriander - Seed>
926,685,2011-09-13 00:00:00,<Onions - Cippolini>
927,708,2021-04-15 00:00:00,<Coffee - Beans  Whole>
928,522,2007-12-06 00:00:00,<Tea - Mint>
929,975,2013-05-21 00:00:00,<Tart Shells - Sweet  2>
930,704,2022-08-26 00:00:00,<Black Currants>
931,997,2014-02-01 00:00:00,<Tomatoes - Grape>
932,685,2011-01-10 00:00:00,<Coffee Beans - Chocolate>
933,499,2015-03-22 00:00:00,<Sauce Bbq Smokey>
934,629,2012-05-11 00:00:00,<Table Cloth 54x54 White>
935,518,2016-01-04 00:00:00,<Trueblue - Blueberry 12x473ml>
936,919,2021-06-02 00:00:00,<Orange Roughy 4/6 Oz>
937,310,2020-11-08 00:00:00,<Pastry - Chocolate Chip Muffin>
938,85,2007-08-31 00:00:00,<Table Cloth 62x114 White>
939,370,2000-05-10 00:00:00,<Flower - Commercial Spider>
940,207,2009-02-26 00:00:00,<Bar Bran Honey Nut>
941,453,2005-08-23 00:00:00,<Squash - Butternut>
942,579,2004-12-06 00:00:00,<Cake - Dulce De Leche>
943,419,2016-04-04 00:00:00,<Shrimp - Black Tiger 26/30>
944,826,2022-05-07 00:00:00,<Chicken Breast Wing On>
945,381,2018-01-21 00:00:00,<Bowl 12 Oz - Showcase 92012>
946,524,2017-05-27 00:00:00,<Beer - Blue Light>
947,192,2023-09-28 00:00:00,<Lamb - Pieces  Diced>
948,725,2013-05-30 00:00:00,<Spinach - Spinach Leaf>
949,656,2005-10-22 00:00:00,<Long Island Ice Tea>
950,216,2009-04-20 00:00:00,<Hold Up Tool Storage Rack>
951,864,2014-04-30 00:00:00,<Bagels Poppyseed>
952,399,2015-10-17 00:00:00,<Appetizer - Mini Egg Roll  Shrimp>
953,336,2003-07-07 00:00:00,<Soup - Beef Conomme  Dry>
954,285,2011-09-12 00:00:00,<Clam - Cherrystone>
955,671,2012-02-15 00:00:00,<Wine - Two Oceans Cabernet>
956,84,2020-02-24 00:00:00,<Broom And Brush Rack Black>
957,659,2001-01-20 00:00:00,<Wine - Alicanca Vinho Verde>
958,61,2012-08-28 00:00:00,<Sauce - Bernaise  Mix>
959,609,2020-06-17 00:00:00,<Milk 2% 500 Ml>
960,229,2007-06-15 00:00:00,<Versatainer Nc - 8288>
961,810,2006-04-04 00:00:00,<Cheese - Camembert>
962,211,2015-10-28 00:00:00,<Nantucket - Pomegranate Pear>
963,137,2020-10-28 00:00:00,<Mop Head - Cotton  24 Oz>
964,750,2023-11-14 00:00:00,<Beef - Kobe Striploin>
965,485,2007-07-01 00:00:00,<Muffin Chocolate Individual Wrap>
966,439,2022-04-10 00:00:00,<Pork - Butt  Boneless>
967,183,2013-05-08 00:00:00,<Cheese - Oka>
968,818,2009-05-31 00:00:00,<Anchovy In Oil>
969,516,2021-09-23 00:00:00,<Pastry - French Mini Assorted>
970,489,2004-10-03 00:00:00,<Yoplait Drink>
971,620,2019-07-13 00:00:00,<Pepper - Scotch Bonnet>
972,961,2009-05-30 00:00:00,<Cream - 18%>
973,434,2020-05-26 00:00:00,<Tomatoes - Yellow Hot House>
974,691,2019-06-07 00:00:00,<Absolut Citron>
975,140,2018-02-03 00:00:00,<Beef - Texas Style Burger>
976,905,2013-07-28 00:00:00,<Puree - Passion Fruit>
977,556,2022-12-08 00:00:00,<Sugar - Palm>
978,536,2004-11-20 00:00:00,<Sauce - White  Mix>
979,49,2005-06-20 00:00:00,<Ice - Clear  300 Lb For Carving>
980,640,2002-05-30 00:00:00,<Calypso - Black Cherry Lemonade>
981,819,2016-04-14 00:00:00,<Bread - White  Sliced>
982,476,2019-06-15 00:00:00,<Beef - Baby  Liver>
983,611,2013-04-12 00:00:00,<Chocolate - Unsweetened>
984,502,2003-12-17 00:00:00,<Beef - Texas Style Burger>
985,136,2024-01-18 00:00:00,<Jolt Cola - Electric Blue>
986,371,2004-11-28 00:00:00,<Spice - Greek 1 Step>
987,534,2008-10-15 00:00:00,<Mousse - Banana Chocolate>
988,769,2014-10-15 00:00:00,<Muffin - Mix - Mango Sour Cherry>
989,485,2023-06-03 00:00:00,<Tortillas - Flour  8>
990,419,2015-04-01 00:00:00,<Wine - Cave Springs Dry Riesling>
991,612,2012-02-12 00:00:00,<Lid - 10 12 16 Oz>
992,352,2016-03-13 00:00:00,<Cheese - Cheddarsliced>
993,98,2015-11-14 00:00:00,<Bread - Burger>
994,188,2012-03-17 00:00:00,<Carrots - Mini Red Organic>
995,9,2020-09-21 00:00:00,<Syrup - Monin  Swiss Choclate>
996,569,2008-06-11 00:00:00,<Compound - Pear>
997,184,2000-11-10 00:00:00,<Syrup - Golden  Lyles>
998,5,2001-03-09 00:00:00,<Neckerchief Blck>
999,491,2007-03-24 00:00:00,<Beans - Wax>
1000,780,2017-08-08 00:00:00,<Steam Pan - Half Size Deep>
